User_ID,ISBN,Book_Rating
2,195153448,3
8,2005018,5
8,60973129,3
8,374157065,3
8,393045218,3
8,399135782,3
8,425176428,1
8,671870432,3
8,679425608,3
8,074322678X,5
8,771074670,3
8,080652121X,3
8,887841740,5
8,1552041778,5
8,1558746218,3
8,1567407781,6
8,1575663937,6
8,1881320189,7
8,1879384493,10
9,440234743,3
9,452264464,6
9,609804618,3
10,1841721522,3
12,1567407781,6
12,1575663937,6
12,1881320189,7
12,393045218,3
12,399135782,3
12,671870432,3
13,1567407781,6
13,1575663937,6
13,1881320189,7
13,393045218,3
13,399135782,3
13,425176428,1
13,671870432,3
13,1879384493,10
14,1879384493,10
14,61076031,5
14,439095026,5
14,689821166,6
14,971880107,3
16,345402871,9
16,1879384493,10
16,345417623,3
17,684823802,3
19,375759778,7
20,425163091,3
22,3404921038,7
22,3442353866,3
22,1879384493,10
22,3442410665,3
22,3442446937,3
23,375406328,3
26,446310786,10
26,449005615,9
32,60168013,8
32,038078243X,3
32,055321215X,3
36,067176537X,3
39,61099686,3
39,553582909,8
39,671888587,7
42,553582747,7
44,425182908,3
44,042518630X,3
44,440223571,8
44,812523873,3
44,842342702,3
51,440225701,9
53,60914068,3
53,156047624,10
53,245542957,6
53,380715899,9
53,553280333,3
53,961769947,3
53,964778319,3
56,671623249,7
56,679810307,3
56,679865691,9
64,2070423204,7
67,345260317,3
67,394743741,7
67,042511774X,3
67,804106304,3
68,1853262404,3
69,312970242,3
69,1853260053,8
70,1414035004,10
73,60938412,5
75,140067477,3
75,345465083,3
75,451625889,3
75,1558531025,5
77,441783589,3
78,394895894,8
79,1569871213,3
81,375410538,5
82,966986105,10
83,087113375X,7
85,340767936,5
85,743403843,3
86,60930365,4
87,60177586,3
87,71416331,8
87,375509038,8
88,553062042,7
91,316769487,9
92,8445071408,7
92,8445071769,8
92,8445071777,10
95,679429220,3
97,671867156,7
99,312252617,8
99,312261594,8
99,316748641,7
99,316973742,3
99,385235941,6
99,446677450,10
99,451166892,3
99,553347594,9
99,671621009,10
99,067976397X,3
99,684822733,3
99,786868716,3
102,8472238822,7
107,671864769,8
109,671521519,5
110,440222303,6
114,312953453,7
114,446608653,9
114,446612545,9
114,446612618,8
114,451208080,8
114,553584383,9
114,671027360,10
114,812575954,5
125,679429220,10
129,316735736,7
132,743439740,3
133,345372700,10
133,380619458,3
133,446325805,3
135,451406923,3
135,671042858,3
139,743249992,3
141,840734530,10
144,425184226,3
151,375500766,3
160,9724119378,3
162,451205197,5
165,60929790,3
165,60976845,9
165,61099325,4
165,446612545,5
165,671004573,3
169,446601640,7
176,330484516,3
176,038572179X,3
176,393020371,3
176,1900850303,4
176,1903019699,3
178,345425294,3
178,451410319,6
178,553583468,3
183,8420639133,3
183,8476409419,8
185,380778556,10
185,451525221,3
190,2740230,7
193,971880107,3
199,385336772,3
199,440949424,3
199,505524996,3
202,140252800,6
204,451452755,3
204,812575482,3
207,044651747X,3
212,60801263,8
215,61030147,6
217,140250964,8
224,446527165,8
226,671461494,8
228,385337639,7
228,039575514X,9
230,451206673,6
232,330332775,3
232,486284735,8
232,671021745,4
232,671047612,6
232,671504282,6
236,399138684,3
237,785263292,3
237,830714014,3
241,345354931,3
242,553278223,10
242,971880107,3
242,3150000335,10
242,3257203659,9
242,3257207522,10
242,3257208626,8
242,3257208634,10
242,3257208669,9
242,3257210450,10
242,3257212054,10
242,3257212429,10
242,3257214154,9
242,3257216416,7
242,3257233051,9
242,342311360X,10
242,3423116714,3
242,3423241489,3
242,3426605686,3
242,3453212150,7
242,3462021095,3
242,3492045642,8
242,3498020862,8
242,3499110695,7
242,3499151502,9
242,3518111000,3
242,3548254268,10
242,3570300099,6
242,3596292646,7
243,60915544,10
243,60977493,7
243,156006529,3
243,312169787,3
243,312872682,3
243,316602906,3
243,316666343,3
243,316693006,3
243,316776963,9
243,345311396,3
243,345378490,3
243,345404793,3
243,345433173,3
243,345465083,3
243,375400117,10
243,375705856,3
243,380717018,3
243,380718332,3
243,380754509,3
243,038076654X,3
243,380807866,3
243,385316895,6
243,385497466,3
243,385508042,3
243,385509456,3
243,385511612,3
243,385730586,3
243,042511774X,3
243,425164403,3
243,440224764,3
243,440225701,3
243,440226430,3
243,440234743,3
243,440234964,3
243,044023722X,7
243,446360856,3
243,446605484,3
243,446610399,3
243,449006522,6
243,449911004,3
243,451162072,3
243,451186648,3
243,452282152,3
243,515130389,3
243,051513290X,3
243,553580388,8
243,590598848,3
243,590629719,3
243,671023616,3
243,671027387,3
243,684848783,3
243,743486226,3
243,786863986,5
243,803251718,5
243,804117934,3
243,140003180X,3
243,155874262X,5
244,60977493,7
244,60987103,8
244,151008116,9
244,375704965,8
244,525947647,9
244,804111359,8
244,155874262X,6
244,1558744150,6
247,435272683,7
250,006102063X,3
254,60013117,3
254,60199563,3
254,006052779X,3
254,60563079,3
254,60809027,3
254,60930535,3
254,60934719,3
254,61040967,3
254,61050474,3
254,61052515,3
254,61052523,3
254,62502174,3
254,64472264,3
254,140298479,3
254,140620664,3
254,142001740,9
254,312148267,3
254,312156960,3
254,312305060,3
254,312890044,3
254,316569321,3
254,316769487,3
254,316776963,3
254,345350499,3
254,345384466,3
254,034543191X,3
254,373218400,3
254,373836023,7
254,375751513,3
254,375801677,3
254,375814248,3
254,375823352,3
254,037582345X,9
254,375823468,9
254,380730448,8
254,380789019,3
254,380789035,10
254,380973839,9
254,385327773,3
254,394586239,3
254,399146431,9
254,399501487,3
254,413537900,3
254,439510112,3
254,440241413,3
254,441003257,3
254,446364762,3
254,446605239,3
254,451409256,7
254,451522389,3
254,451523415,3
254,451524934,9
254,451526279,3
254,451526341,8
254,452277337,3
254,452282152,3
254,486415864,3
254,051513287X,3
254,553273604,3
254,553280589,3
254,571197639,3
254,590353403,9
254,618002219,9
254,670035262,3
254,671021001,7
254,671527215,3
254,679423079,3
254,679751343,3
254,067976402X,3
254,684833395,3
254,684874350,3
254,743225406,3
254,743245024,3
254,749748001,3
254,749748028,3
254,804106304,3
254,080410753X,3
254,963094424,3
254,1401201172,3
254,1563892278,3
254,1563898586,3
254,156971620X,9
254,1592571301,3
256,374270325,3
256,375719180,3
256,440235502,9
256,044023722X,8
257,1573225487,8
257,1853260673,8
272,60977477,7
272,345391691,3
272,520011171,7
272,553278746,3
272,670856045,7
272,872200760,8
272,937858994,3
273,671649949,6
278,590431110,6
280,316769487,7
289,64470113,7
289,553571486,6
291,972044205,9
300,312963009,5
300,345430476,5
300,345435869,3
300,380728729,5
300,038081840X,5
300,449912302,9
300,055329198X,5
300,671018930,5
300,812541642,5
302,312988699,4
306,486282112,3
310,8483007010,7
311,670815373,3
313,385313748,8
323,1575843366,5
326,684193957,10
327,345371984,3
332,380730138,6
334,1573228737,8
337,9681500555,9
338,380711109,3
339,452283914,8
343,425120279,3
345,067153484X,6
356,380728273,7
361,8433914545,8
361,8484509141,4
362,446606197,7
362,771076002,3
362,771088191,3
362,1559703237,3
367,449005615,9
372,3596214629,8
376,62770500,7
376,671847546,5
383,60188731,3
383,140374248,3
383,142001740,3
383,195086295,3
383,312995423,3
383,380704587,3
383,380815923,10
383,385416342,10
383,385418493,3
383,038542471X,3
383,425098109,5
383,449005410,3
383,449202631,3
383,449207544,3
383,515128554,3
383,517577402,10
383,590450875,3
383,590481371,3
383,067103619X,3
383,684177730,3
383,684180200,3
383,743411269,5
383,743470389,3
383,076218857X,3
383,767905938,3
383,800706544,3
383,801096677,3
383,849953014,3
383,891091963,5
383,915811537,3
383,927545373,3
383,1575024179,3
383,1880185008,5
384,140345809,3
384,156528207,3
384,380012863,3
384,451154916,3
384,785815147,3
384,875421288,3
384,1567184294,3
384,156718796X,3
384,1862047626,3
387,20437501,3
387,198320264,2
387,373196989,6
387,373245580,3
387,451527747,10
387,671867113,3
387,812504208,9
388,60173289,3
388,60973897,8
388,60976845,3
388,006101351X,6
388,140104682,6
388,312143370,3
388,316666343,3
388,039456894X,8
388,440224675,3
388,440234743,3
388,449002632,7
388,449213773,10
388,452279690,10
388,553569058,10
388,679427430,3
388,679725393,9
388,802114369,8
388,803233019,3
388,819154946,8
388,897322339,7
388,940322978,4
388,1573225126,5
388,1579651658,8
388,1878424319,7
392,8401351421,3
392,8423324311,3
392,8427007450,10
392,8429734996,3
392,8429736131,3
392,8440616252,3
392,8472224260,3
392,8472227421,3
392,8474103347,7
392,8475960936,9
392,8477830029,3
392,8478091246,3
392,8478097732,3
392,8478098267,9
392,8478800336,3
392,8478884963,9
392,8483002523,5
392,8486433193,5
393,600586898,6
393,1853260622,3
393,1857938011,6
400,60804157,3
406,8466601090,3
408,140382658,3
408,152012966,3
408,312283784,8
408,345297709,3
408,345313097,3
408,345335465,3
408,345416848,3
408,385333404,3
408,044021145X,3
408,449212084,3
408,553582682,9
408,590947257,8
408,074345829X,3
408,786913878,3
408,801491827,6
408,816729913,3
408,843136685,3
408,866119531,3
408,866119566,3
408,870441663,3
408,1561561428,7
413,553210092,8
413,553258524,7
413,688163726,3
413,1569471096,3
422,316168815,3
424,014023828X,3
424,316314927,5
424,345424719,3
424,375414746,6
424,375726403,3
424,385503857,3
424,425156842,7
424,440226104,3
424,452277337,7
424,553802488,3
424,671021001,6
424,767903579,3
424,805063897,8
430,679777431,8
431,553285343,4
432,486285529,7
432,671002481,3
432,812523385,3
432,895774666,3
433,20199090,3
433,385495145,7
433,679733825,3
433,842329129,5
435,345451260,3
439,740700235,3
440,380973545,3
440,393321576,8
440,743424425,10
440,786868015,7
441,446610178,7
441,684854953,5
441,743229878,8
444,380617625,3
444,380732335,3
444,385337132,7
444,440235057,7
444,445402040,3
444,618119760,7
444,871138646,8
446,26329859,10
446,60621257,3
446,60915544,3
446,60917016,3
446,60925000,8
446,60932759,8
446,61000280,10
446,192815318,3
446,312195516,3
446,380792664,3
446,393048977,5
446,399137807,3
446,039914739X,3
446,451203046,3
446,451410556,3
446,451523318,10
446,486281965,10
446,486292940,3
446,051762639X,3
446,684824442,9
446,743458303,3
446,081296666X,5
446,819215635,3
446,880011025,3
446,1561011525,3
446,1877727083,8
447,486206173,4
453,312278586,6
460,8845229041,3
460,887641486X,8
463,140370900,8
469,674511255,3
472,30096189,10
472,312965745,5
472,345374657,9
472,395710901,9
472,080521061X,9
472,823032612,3
475,679310002,10
476,312288115,5
476,316171107,3
476,380710218,3
476,515118656,8
476,553289063,3
476,671000306,3
476,671673688,3
476,1561672033,8
479,425178242,7
483,618173870,3
486,60976845,8
486,156027321,3
486,375403582,3
486,385721420,3
486,451202341,8
486,743418190,7
487,60913509,3
487,60923245,3
487,140286276,3
487,312145543,3
487,312980388,3
487,345441133,7
487,373484100,3
487,380732688,3
487,385335407,8
487,385424728,3
487,385490992,7
487,039914739X,3
487,425181111,3
487,440225078,3
487,449907481,3
487,486272664,9
487,515127833,3
487,515134279,3
487,553107305,3
487,553272837,3
487,671888587,6
487,786015276,3
487,080213825X,3
487,945586051,7
487,965746828,3
487,971880107,3
489,590419625,7
493,385472951,8
494,451195663,5
496,425182878,8
496,055356451X,8
496,553564528,3
499,743412621,10
500,849943450,10
500,084994371X,8
500,849943728,3
501,20442408,3
501,590406019,3
503,60987103,3
503,312976275,3
503,380813815,3
503,068484267X,10
503,1573225789,3
505,006017143X,9
505,308102282,3
505,345313860,7
505,345353625,3
505,345369947,3
505,385306032,8
505,038549825X,8
505,042517736X,7
505,553202294,8
505,553225987,3
505,067170124X,3
505,671868713,8
505,679401377,8
505,805056491,9
505,816152446,7
505,1562827049,8
507,60392452,3
507,60558865,8
507,60575808,3
507,60934417,3
507,60938455,3
507,61096091,3
507,142001740,10
507,307001164,3
507,307118703,3
507,030720152X,3
507,312312628,9
507,312986769,9
507,312990456,3
507,312995431,3
507,345251733,3
507,345348036,3
507,345369068,8
507,345379454,3
507,345413369,3
507,345413377,3
507,380709260,3
507,439061644,3
507,439319552,3
507,439569842,3
507,440441501,3
507,446394521,3
507,449209121,3
507,449211770,3
507,451184718,9
507,553298860,3
507,055356160X,3
507,553564528,7
507,553576925,3
507,553578693,3
507,553583468,7
507,590021117,7
507,590418858,3
507,590687301,3
507,590870157,3
507,679893105,9
507,068484267X,3
507,068815252X,3
507,688169678,3
507,743206053,3
507,767912918,7
507,080411952X,3
507,807565288,3
507,812519655,3
507,812521129,3
507,812524853,3
507,816728739,3
507,821772953,8
507,865050880,3
507,1400077826,3
507,193072229X,3
508,385335679,6
508,440122090,7
512,671525832,5
513,553279572,9
516,61009059,3
523,60930187,8
530,516076272,10
537,679450432,7
538,821770209,3
538,821775863,8
542,670855758,8
547,553562819,3
558,446364193,8
559,60976845,3
559,446519138,3
565,61042943,8
565,425179672,3
566,006015781X,3
566,60930705,3
566,156013967,3
566,312206763,6
566,316116025,3
566,385314019,6
566,399144463,2
566,618231617,8
566,743444167,6
566,965404560,3
567,140185216,10
567,385496907,3
567,425174484,8
567,446523992,3
567,486272745,10
567,684717255,9
567,787955671,8
567,811203220,3
567,1567920047,3
567,1573229148,3
569,971880107,3
585,8807120194,7
592,62507249,7
595,60083298,9
595,140293248,9
595,446610399,9
595,446672211,10
595,684801221,3
595,807070718,8
595,1576737357,7
596,345305477,10
596,743213831,8
602,61080519,3
618,142000205,3
619,62517856,7
619,015600710X,8
619,316735027,6
619,425169626,3
619,449911683,3
619,451184718,3
619,679767789,3
619,193156146X,9
620,140021566,6
620,140029400,3
620,449207757,3
620,449245691,7
625,2070334368,7
625,2070362388,3
625,2070384349,10
625,2070417743,9
625,207053880X,10
625,2253004022,9
625,2253005274,3
625,225300670X,3
625,2253007102,10
625,2266029460,10
625,2266033689,9
625,2266084372,8
625,229000510X,3
625,2290314951,3
626,140620427,3
626,905762487,3
626,971880107,3
626,3492207006,10
626,3499177757,3
626,3499222604,3
626,3502670005,3
626,3746670055,3
626,3889774016,3
628,3442724686,5
628,3596144434,4
638,60191929,9
638,60192631,3
638,140107649,10
638,151001006,10
638,316666343,10
638,316693006,10
638,316693200,9
638,316769487,10
638,316776963,10
638,316779490,9
638,316789089,10
638,316969443,10
638,345339711,10
638,345428900,8
638,345452550,3
638,380978539,8
638,385420161,9
638,385500769,10
638,385504209,10
638,385505833,10
638,039304016X,3
638,394574745,8
638,399147012,3
638,399147128,3
638,039914739X,3
638,399148582,9
638,425184129,9
638,446523569,10
638,446525502,9
638,446527793,10
638,446531332,10
638,451197275,3
638,525943862,8
638,052594463X,9
638,525944834,3
638,609605925,8
638,609606727,8
638,670031046,3
638,670892963,7
638,671042556,9
638,679410430,10
638,679442790,10
638,679450440,3
638,679603352,10
638,679732241,9
638,684864320,3
638,684864843,3
638,684867818,3
638,684868911,3
638,688180639,9
638,743206045,3
638,743230051,9
638,743406176,10
638,842336214,7
638,1558747028,10
638,1558747346,8
638,1570717257,9
639,451176812,7
640,394551427,8
640,446602086,5
640,671525794,3
640,718144538,8
641,64407667,5
643,7100221,7
643,140253580,3
643,140292918,8
643,140622063,8
643,198604025,7
643,349101779,3
643,416196772,8
643,057120354X,5
643,571209521,7
643,743222229,8
643,743462335,8
643,747538069,8
643,747549923,3
643,767908473,3
643,890877564,8
643,947782141,3
643,1405200677,8
643,1841952931,8
643,1842040154,3
643,1842151053,3
643,185479549X,8
643,1854795554,9
643,1858813093,7
643,1860198597,3
643,2020315491,8
643,2253043974,8
643,2253063339,10
643,2253148539,8
643,2264009306,3
643,2871290911,6
645,449006522,3
649,375501347,7
650,60927240,7
651,60006048,5
651,60934719,8
651,307215342,6
651,312287240,8
651,312906552,3
651,316776963,3
651,345370740,7
651,345395379,3
651,345403339,7
651,374343381,7
651,374386676,8
651,380788497,7
651,393318435,3
651,395877563,3
651,425049981,10
651,425142485,6
651,440117291,3
651,440219604,8
651,440226694,8
651,446300101,8
651,451181379,3
651,451450256,3
651,451456548,7
651,553574159,6
651,553574167,6
651,553574175,6
651,553579673,7
651,553579681,3
651,679801146,4
651,786886463,7
651,786889160,7
651,821750410,3
651,889740828,3
651,962893862,4
651,1555834531,3
651,1555835953,3
651,156341029X,8
651,1563410443,3
651,1563411148,6
651,1563899388,6
651,1886383421,4
651,1888451084,7
657,345429176,3
657,038529929X,6
657,767903285,5
660,1573229571,8
677,345418778,8
683,517201658,8
685,039914370X,7
685,743211383,10
695,312977905,5
695,451205421,7
695,812521331,7
695,1884777805,8
698,440218535,3
698,894342789,5
701,449207595,3
705,8806142267,7
707,394559487,5
707,039457513X,5
707,670844594,8
708,804001944,7
709,64405052,9
709,64409457,6
709,152162445,10
709,015216250X,10
709,152162577,10
709,316666343,3
709,345391802,7
709,439042917,9
709,043922165X,9
709,439221676,4
709,439221684,5
709,439221706,4
709,439221714,4
709,439221730,4
709,440219078,10
709,440415993,10
709,590897985,9
709,689829698,6
709,689832877,10
709,068983585X,3
709,895872102,3
709,1562477528,9
711,185424597X,3
711,2080105434,3
712,345346971,3
712,345356578,3
712,3257201761,6
712,3404118960,5
712,3404121686,3
712,349913358X,6
713,753804700,10
714,415928087,3
714,451155750,7
714,521427150,3
714,786890436,3
714,812923278,3
714,884111342,6
717,345428544,3
717,671694049,7
720,080901582X,3
724,449006557,3
726,373250339,5
726,380820447,10
726,385497679,10
726,451454243,10
728,312853238,3
728,373871562,3
728,380002450,3
728,385493800,3
728,394178017,3
728,039914563X,3
728,425134350,3
728,425161722,3
728,440211727,3
728,553101439,3
728,067175145X,5
728,688048730,3
728,793133955,3
728,835949362,3
728,849916399,3
728,877192820,3
728,880701102,3
728,898151910,3
728,941423042,3
728,1928791107,3
730,380538504,5
730,380754851,3
730,385479689,3
735,345404777,3
735,380759497,3
735,038533334X,4
735,440120470,6
735,440130913,3
735,440222818,7
735,440224675,3
735,440224829,9
735,440225701,3
735,044661162X,9
735,449001954,8
735,449131548,8
735,451185277,8
735,451188209,3
735,451204050,3
735,515122408,3
735,515134368,9
735,671742566,3
735,671779338,10
736,3442098424,3
737,394578791,3
739,1558505377,9
741,20437501,3
741,61064505,3
741,64472779,3
741,130139165,8
741,140065172,10
741,198320264,10
741,312422156,3
741,345384350,3
741,373037430,3
741,373123108,3
741,373123485,3
741,373196741,3
741,373245696,3
741,373750013,3
741,380723638,3
741,380752115,3
741,380817144,3
741,381999866,8
741,393030342,10
741,399143165,3
741,425124347,3
741,425139069,3
741,425166619,3
741,044022165X,3
741,044132231X,8
741,446364762,3
741,450029956,10
741,451524489,10
741,451526503,10
741,515118656,3
741,553256785,8
741,553561618,3
741,553581279,3
741,590514776,6
741,061312975X,3
741,068983571X,3
741,743201078,3
741,765341972,3
741,812504208,3
741,836230868,3
741,892967994,3
741,1551668785,3
743,312282990,3
743,786889705,7
744,425113892,7
744,042512892X,8
744,425137945,8
746,014036336X,8
746,345348036,3
746,375821813,8
746,394820371,8
746,449134482,3
746,812516826,5
753,679420118,10
753,741402858,8
753,741402912,10
753,741403056,10
753,741403471,10
753,741403781,10
753,741405784,8
753,741407213,10
753,741409690,10
753,074141127X,10
753,759612277,10
753,871137380,10
753,1585007366,10
756,553568760,5
757,034538184X,8
758,140620109,9
758,140620125,10
758,375420827,3
759,671745530,7
763,553211412,8
763,671510053,10
763,805062971,10
765,1573229385,8
767,385334036,3
767,945397410,10
769,60914653,10
771,345347536,10
774,055321313X,8
776,60529709,7
776,140274154,9
776,375507256,10
776,375704027,8
776,679743464,3
776,876850867,8
776,3473540420,9
777,451527038,3
777,590484672,3
777,590484753,9
777,874067391,9
777,1590520777,3
778,039914739X,10
780,449911004,10
782,975311255,10
785,743237188,5
786,553584510,6
786,553586122,3
790,345341201,8
790,440175623,3
790,440216842,3
790,1551662744,3
791,345443284,3
795,553285653,3
805,60256672,10
805,60928336,7
805,60972777,3
805,64401472,3
805,140042393,3
805,140070206,9
805,140077022,10
805,014016930X,10
805,140236589,7
805,140253602,4
805,156001942,3
805,156027321,9
805,312195516,3
805,312420145,3
805,316777730,7
805,345418018,3
805,375401318,3
805,375501851,8
805,375705228,8
805,038001503X,10
805,393961192,3
805,394800133,3
805,395051649,3
805,039592720X,9
805,440215625,8
805,452282152,8
805,055326382X,3
805,553268449,8
805,553273604,3
805,553273914,3
805,671003755,8
805,671789422,3
805,679732764,10
805,684801469,3
805,684844729,8
805,805019367,3
805,806996021,3
805,810935627,7
805,835607860,3
805,872203492,3
805,877733759,10
805,911104542,10
805,1566193966,8
805,158574218X,3
805,1859671500,3
805,9997522052,3
809,1590520653,3
809,1590521994,3
811,3446202218,3
811,3499134446,8
818,067142517X,5
819,345384466,5
819,345422392,3
819,446364193,7
819,446601241,3
819,446604801,3
819,451124340,5
819,671726889,5
824,679734775,5
827,152013369,7
827,425124819,10
827,440414717,10
827,689715625,3
827,812539389,3
828,345409469,10
834,141001771,5
834,373250177,2
834,449005569,3
834,451523369,3
834,671027344,7
834,068930935X,3
834,763615382,3
834,786884622,3
834,965975401,5
834,1558747346,5
835,8885989632,3
843,006019491X,8
843,66211611,8
843,140368558,3
843,312254164,3
843,375420673,3
843,395353416,3
843,449005615,3
843,684819066,8
843,684831058,3
843,786927089,8
850,3423009152,3
850,3423620005,9
850,3426871874,3
850,3453147243,5
850,3453171977,10
850,3453177800,5
850,3492229336,8
850,3596133319,6
850,3746611229,3
850,3822813397,3
853,140042520,8
853,345358791,5
853,345375211,9
853,034537522X,3
853,034545829X,9
853,380789035,3
853,446677574,8
861,60964049,3
876,345298985,3
876,034531011X,3
876,345310292,3
876,345310306,3
876,034531042X,3
876,345316991,3
876,345370775,3
876,380558483,3
876,425121046,3
876,440206154,3
876,441317502,3
876,441366945,3
876,451130448,3
876,553266500,3
876,679734058,3
876,804102279,3
876,812551389,3
876,1558171398,3
878,60242388,3
878,553574833,9
878,915950839,3
882,60171510,3
882,60915544,3
882,70212570,3
882,151000638,3
882,312169787,3
882,312195516,3
882,312421001,3
882,345416260,3
882,373218400,5
882,373484224,7
882,375707972,3
882,380018179,10
882,380789019,3
882,385492081,3
882,385504209,10
882,394557433,10
882,425179672,10
882,440226430,3
882,440235162,10
882,446605239,3
882,446606812,3
882,446610399,3
882,449212602,3
882,451135989,3
882,452265347,10
882,515130389,3
882,515134368,6
882,515135062,6
882,517395754,3
882,553205587,9
882,553205757,3
882,553258001,3
882,553278223,3
882,553280589,10
882,553569058,3
882,553571656,3
882,553572997,10
882,067101420X,4
882,671708635,3
882,679004785,3
882,679429220,9
882,679457313,3
882,067976402X,10
882,684825821,3
882,684874350,3
882,743457943,5
882,786000988,3
882,786866276,3
882,805008950,3
882,942257324,3
883,140266771,7
885,015644450X,3
885,380002450,9
885,804106304,5
886,679723420,7
887,441004016,8
895,671500546,7
896,140620338,8
896,460878263,7
899,971880107,2
899,3257061269,9
899,3404126661,3
899,3453088433,4
899,3453177622,3
899,3453199766,8
899,3453210999,3
899,3453863593,3
899,3499108518,3
899,3518367064,3
899,3746670144,7
900,60928336,9
900,373057296,5
900,373058446,5
900,373092237,5
900,373257074,5
900,425137015,6
900,441001335,5
900,441435351,3
900,449212084,5
900,451450604,5
900,451454677,5
900,553572490,6
900,553576976,5
901,6276199,3
901,000649840X,9
901,99771519,9
901,140431268,8
901,014044503X,8
901,192860925,3
901,349101779,3
901,349103232,3
901,375751513,3
901,486265862,3
901,551030682,8
901,551031123,3
901,551032510,9
901,571197779,3
901,571200389,3
901,679745653,3
901,785268480,10
901,851707777,9
901,971880107,3
902,067102535X,8
903,876855575,9
913,140272658,8
913,330376136,3
914,3257250053,10
914,3257250398,3
914,3257250460,3
914,3407780028,3
914,3407780117,3
914,340780573X,10
914,3407805853,10
914,3442435838,3
914,3442435951,3
914,3453132262,3
914,3608919724,3
914,379411664X,3
915,156027321,10
915,380813815,3
915,385498721,3
915,385720920,3
915,972948503,3
921,2070372294,3
924,2264030542,8
929,29087104,8
929,30615321,8
929,140099832,3
929,140390693,3
929,316107417,3
929,316929190,3
929,345285549,5
929,345290240,3
929,345297687,3
929,345301870,3
929,345307674,5
929,345313097,3
929,345331605,7
929,345368940,3
929,375724575,3
929,380754843,3
929,385314744,7
929,425050750,8
929,425050807,3
929,425071421,3
929,439404371,8
929,440211727,3
929,440224624,6
929,044100962X,4
929,445202718,3
929,449221164,3
929,451169530,6
929,553052845,3
929,553140434,3
929,055321313X,3
929,553296981,10
929,553801031,9
929,590457225,3
929,671461494,8
929,671617028,8
929,067163884X,7
929,067168390X,3
929,679741011,5
929,766607119,8
929,836217632,3
929,894803700,8
929,939766027,5
929,1573225789,3
929,1895383129,7
938,385335482,9
938,385335881,3
941,553258001,9
944,671679627,3
951,375704043,8
955,373484070,3
955,373871279,3
965,805063889,9
969,068986020X,8
970,671568809,3
970,971880107,3
973,1573228567,10
981,373218400,3
981,051513399X,3
981,553582658,3
984,449217868,9
984,671573020,7
986,517006456,3
989,312274572,3
989,316825336,3
989,374216495,3
989,039914739X,3
989,679419152,3
989,786867086,3
989,871137631,3
989,1569471800,3
996,60192895,3
996,140259198,3
996,345435249,3
996,826308791,3
999,441003257,7
1000,8850200005,3
1003,451202503,5
1007,446606812,3
1008,312195516,9
1009,399149759,8
1009,451181468,9
1009,671028375,10
1010,345384733,5
1011,671759361,3
1012,830724982,3
1016,399146008,7
1017,3442720001,3
1019,515132632,8
1021,60930535,10
1021,1570362084,10
1022,375702709,10
1022,044990928X,8
1024,60916508,7
1024,671038184,5
1025,000636988X,9
1025,60928336,5
1025,142000663,10
1025,345361792,3
1025,380012863,8
1025,394404289,9
1025,399242562,3
1025,041619513X,3
1025,552996009,9
1025,552999512,7
1025,575073004,8
1025,575073314,8
1025,590112899,3
1025,590542443,3
1025,590660543,3
1025,068484267X,9
1025,708881297,3
1025,756401453,3
1025,855030224,3
1025,861638522,5
1025,963270702,3
1025,971880107,3
1026,1578562333,7
1031,345458915,7
1031,671027360,7
1032,006092988X,8
1032,038531258X,10
1032,446310786,10
1038,140317937,5
1040,743225406,5
1048,553256696,9
1048,785263780,8
1048,802433243,7
1054,375413081,9
1054,1400034779,8
1057,038533303X,6
1057,440414520,3
1057,451163753,10
1060,786885688,8
1063,345387007,5
1063,385247745,3
1063,385293542,3
1063,671311891,9
1063,671721038,6
1063,671880187,5
1063,802069347,7
1063,895773538,9
1063,1558506454,8
1069,037570504X,3
1075,142001740,10
1075,316666343,7
1075,375726403,7
1075,385504209,7
1075,472113658,5
1075,553377868,9
1075,609608444,10
1075,670032425,3
1075,767902521,9
1075,892967048,8
1075,1400034779,5
1079,915811332,8
1082,1558744606,10
1083,014131088X,10
1083,345325818,10
1083,043909013X,9
1083,044023767X,10
1083,451526503,6
1083,080410753X,7
1084,140244824,3
1087,553346768,3
1087,884043142,9
1087,096478260X,3
1087,155643068X,3
1087,155643152X,3
1089,743221990,3
1093,312983212,6
1094,553486411,8
1095,865532168,10
1095,3478088534,5
1095,3821807059,3
1096,059040640X,7
1096,1566197155,7
1098,031227999X,7
1098,805210318,3
1100,684801221,3
1108,385508417,7
1111,316666343,3
1111,385510438,8
1113,307132668,3
1113,373169876,3
1113,380723638,3
1113,385324057,9
1113,671021001,3
1113,718001044,6
1113,812515722,5
1113,848705459,8
1113,890842795,3
1113,9505470010,3
1116,61030651,8
1116,006109594X,7
1116,031298250X,4
1116,425095584,2
1116,425178773,3
1116,425185710,6
1116,451409086,6
1116,553575619,5
1116,609602535,3
1116,671578391,3
1118,399144463,8
1118,671527215,9
1123,486203077,8
1123,671522817,7
1123,2894850743,3
1124,618074716,8
1129,64407667,4
1129,014025448X,7
1129,312303033,3
1129,385472951,6
1129,385493800,6
1129,553377876,3
1129,618045996,3
1129,671318314,7
1129,1400034779,3
1129,1400062888,3
1129,1558612815,9
1129,1931520038,10
1131,60932759,3
1131,60934417,8
1131,60976845,7
1131,61093092,8
1131,61098361,7
1131,70212570,7
1131,140256369,3
1131,156006529,3
1131,174434642,8
1131,312243022,8
1131,312983824,6
1131,316789844,3
1131,345316770,3
1131,345370805,7
1131,345424719,3
1131,375700757,3
1131,375703055,7
1131,380725398,3
1131,038533334X,3
1131,385480016,9
1131,385490445,3
1131,385491050,3
1131,394758285,7
1131,440214424,8
1131,440224624,3
1131,446605891,6
1131,446672211,7
1131,446673544,5
1131,449006344,3
1131,449149676,7
1131,449907481,3
1131,451187903,7
1131,451191153,3
1131,451202341,3
1131,451523067,8
1131,451526295,3
1131,553213504,3
1131,553568183,3
1131,671004565,6
1131,671036505,3
1131,671793489,7
1131,679761837,7
1131,679772677,7
1131,684833395,3
1131,743418174,7
1131,821758950,3
1132,679729917,3
1133,425189414,3
1133,446611239,8
1133,451410912,3
1133,451411013,3
1133,553580078,3
1133,812909372,3
1137,8481301132,7
1138,316781266,3
1140,671880187,10
1140,971880107,3
1150,486280616,10
1155,006101253X,7
1155,373250223,8
1155,373710992,3
1155,373711026,3
1155,373711107,3
1155,373711115,3
1155,373711123,3
1155,373711131,3
1155,380814021,6
1155,380817683,10
1155,440217806,7
1155,446607835,8
1155,451402103,8
1155,451409256,9
1155,671000381,7
1155,671032658,9
1155,671689231,7
1155,671701053,5
1155,743405978,8
1161,61098795,5
1161,373226519,6
1161,375725784,5
1161,452283914,3
1161,465016103,3
1161,465016146,10
1161,791423549,10
1164,380012774,10
1166,225313922X,9
1167,60929596,10
1167,60987103,3
1167,142004030,3
1167,345339703,3
1167,345436911,3
1167,373834985,5
1167,375704558,3
1167,038039586X,3
1167,038533656X,5
1167,440217520,5
1167,440224675,8
1167,451135555,3
1167,452281784,3
1167,452284481,3
1167,670030643,3
1167,679450548,7
1167,743230213,7
1167,802135196,9
1168,3499232871,3
1169,374516901,3
1169,375707425,6
1169,440131480,3
1169,609600745,3
1170,375703055,3
1172,3453151933,10
1174,231105592,4
1178,014056232X,10
1178,440203155,10
1178,440401119,9
1178,440940001,2
1178,590317822,3
1178,590447319,3
1180,812565959,10
1184,61056103,3
1184,034536628X,7
1184,425157539,3
1184,425163385,7
1184,553585118,3
1184,553585681,3
1184,671042262,3
1184,684835983,3
1184,743212002,3
1184,743230051,3
1184,743444051,3
1184,880387300,3
1184,880387483,7
1184,886777690,3
1189,3426650754,3
1192,373152655,5
1192,037348397X,3
1192,380803526,3
1192,451404033,7
1192,821728326,3
1192,1583140352,3
1192,1854877178,3
1192,1854879073,3
1200,380773155,9
1206,3404100263,3
1210,679731148,9
1211,99771519,9
1211,307177092,3
1211,385504209,9
1211,394822862,3
1211,786889373,8
1211,812094271,3
1211,874493803,3
1211,1569870942,3
1211,1579730272,3
1211,2070360075,3
1211,2070360423,7
1211,2070363104,3
1211,2070364283,7
1211,2070415686,8
1211,2070417700,6
1211,2070426815,7
1211,2207245810,9
1211,2207250474,9
1211,2207251756,10
1211,2207252000,8
1211,2253004898,8
1211,2253005274,8
1211,2253152277,7
1211,2253170453,3
1211,2258036992,9
1211,2266000489,8
1211,2266128566,3
1211,2290305251,8
1211,2290331406,8
1211,2723409821,10
1214,380600129,8
1214,451522389,8
1219,425169324,7
1219,082176828X,6
1223,316693324,3
1225,553283685,3
1231,7108648,3
1231,64410358,3
1231,64472930,3
1231,590629824,3
1231,1841215457,3
1233,743412273,3
1234,8420725927,9
1235,140089586,9
1235,345378490,9
1238,316140651,3
1242,1559277785,7
1248,205280854,9
1248,312169655,10
1248,312205872,10
1248,345367898,10
1248,345396529,10
1248,385425686,6
1248,393029190,10
1248,440455332,10
1248,449912558,10
1248,553110721,10
1248,553580272,10
1248,670867144,10
1248,679412271,9
1248,679452281,9
1248,785324712,10
1248,803281730,10
1248,805051732,9
1248,811807150,9
1248,934257345,9
1248,1558534245,10
1248,1560980087,10
1248,1860462995,10
1249,440226430,5
1249,449300021,3
1249,671004565,8
1249,684835983,8
1250,385721358,8
1252,031231616X,8
1254,743201736,3
1254,764504509,3
1254,767912233,3
1254,785268030,3
1254,894805770,10
1254,089480829X,10
1254,971453209,3
1254,971453217,7
1256,440177499,3
1258,312269102,3
1258,553232053,4
1259,62502174,7
1261,316776963,8
1261,345401123,7
1261,345438329,6
1261,452282152,7
1261,688177751,8
1262,1593160127,10
1262,1593160151,10
1263,451209435,9
1264,375707972,8
1264,1551669501,3
1266,618126988,10
1267,60094850,5
1270,60192305,3
1275,142000361,3
1279,20518609,3
1279,031219126X,10
1279,872860175,5
1281,345446860,7
1293,446310492,10
1294,037348285X,8
1294,399145087,7
1294,515090506,3
1294,812590244,8
1296,963641328,10
1297,60192119,8
1297,140140352,3
1297,670829943,3
1297,679731148,7
1297,805420460,3
1297,836218256,7
1297,879739304,3
1297,898707129,3
1297,965712516,3
1297,1574551108,10
1300,1575666529,3
1303,312990456,3
1309,316969680,7
1309,440221102,3
1314,8807015293,1
1314,881787017X,3
1317,449207463,3
1324,689109865,5
1330,3518368540,10
1331,140283382,3
1331,141180633,9
1331,312423209,3
1331,773762078,5
1331,786248688,9
1332,884040801,3
1332,884041093,3
1334,450542912,3
1334,786887842,3
1343,91850401,3
1343,140016821,3
1343,192817264,3
1343,440418569,3
1343,552996009,9
1343,590112899,3
1343,590660543,10
1343,751522732,3
1343,971880107,3
1343,1853260312,3
1344,786014210,8
1345,441005667,3
1348,61008028,7
1348,312965338,3
1348,451191153,3
1348,553259830,3
1348,1888740051,8
1355,1931646384,9
1359,399501487,7
1360,157566559X,7
1361,3423125551,10
1368,60514949,7
1368,66210151,7
1368,375411992,5
1368,395177111,3
1368,425188361,7
1369,60287802,7
1372,192820753,3
1372,394718968,3
1372,671744003,3
1372,915308789,3
1372,3423620196,10
1372,3442730066,9
1372,3596129389,3
1372,3596144434,3
1375,743203313,5
1376,345417623,8
1376,425172554,7
1376,425177173,9
1376,042517736X,7
1377,440224764,8
1389,553572997,9
1395,034543076X,3
1395,193072229X,10
1396,380727501,10
1399,312423799,9
1399,316089745,10
1399,037542217X,9
1399,743249887,3
1403,345440773,8
1409,61093106,8
1409,373218192,8
1409,042517736X,9
1409,440208912,8
1409,515120006,6
1409,515127396,5
1410,684868911,9
1412,156027321,9
1412,345416260,9
1412,345433084,6
1412,385486804,9
1412,385494785,9
1412,385512104,9
1412,451180208,7
1412,089587198X,7
1412,1555973981,3
1416,198811020,3
1417,525237704,7
1424,60505273,3
1424,60930535,7
1424,61015725,8
1424,61056871,6
1424,64405176,3
1424,99771519,8
1424,140143599,3
1424,140255087,10
1424,151006903,3
1424,307001385,3
1424,031215125X,7
1424,316291161,8
1424,330357808,6
1424,340649763,3
1424,375505296,3
1424,039914255X,7
1424,425158616,3
1424,440235162,3
1424,440236673,3
1424,449208397,3
1424,452282152,3
1424,553295071,6
1424,590988301,7
1424,595157939,7
1424,671646575,8
1424,676974562,7
1424,679771476,3
1424,684821192,3
1424,684848597,3
1424,702229962,3
1424,702231088,7
1424,743224574,3
1424,752999958,3
1424,767902521,8
1424,076790382X,3
1424,786868716,3
1424,786885688,3
1424,804106304,6
1424,883659654,3
1424,1590171012,3
1427,62502182,10
1433,743418174,3
1434,60175400,10
1435,60116188,3
1435,60915544,10
1435,60922532,3
1435,60977477,5
1435,312168144,3
1435,312964854,3
1435,312982194,3
1435,345370775,3
1435,345378490,5
1435,345380371,3
1435,034540288X,3
1435,374517886,8
1435,375400117,3
1435,380718340,3
1435,385240406,3
1435,038548951X,3
1435,394742591,7
1435,425161242,3
1435,425169863,3
1435,425182908,3
1435,440211727,3
1435,044023722X,3
1435,446611239,10
1435,446672211,8
1435,451176812,3
1435,451181468,3
1435,451195922,3
1435,451200993,3
1435,451528182,3
1435,515127221,3
1435,517149257,10
1435,517573822,10
1435,553258524,3
1435,553568760,3
1435,618127453,9
1435,671024248,4
1435,671042262,3
1435,671537458,3
1435,679751343,8
1435,679765123,3
1435,684193957,3
1435,068484267X,8
1435,684848783,5
1435,684863324,9
1435,743222008,3
1435,743437810,3
1435,786014741,3
1435,080410753X,10
1435,812590236,4
1435,850315336,6
1435,877732906,6
1435,884053660,3
1435,887307884,3
1435,913367044,3
1435,913367176,10
1435,933121245,7
1435,971880107,5
1435,155874262X,10
1435,1573221775,4
1435,1888698357,3
1436,316690619,3
1436,044022165X,6
1436,440224608,3
1436,446609323,3
1436,446610038,3
1436,449222276,3
1436,451201558,9
1436,891074759,7
1436,155143234X,3
1439,61032077,8
1442,2253004243,10
1448,679459626,6
1455,812566629,8
1461,816614024,10
1466,340414578X,3
1466,3453189442,3
1466,3462031252,3
1466,3518390473,4
1466,3596113350,8
1467,553583085,7
1467,671001701,7
1467,782125557,7
1467,843943769,3
1467,1555217532,7
1467,1892051001,5
1469,805019375,3
1473,1587991039,10
1475,1587214768,8
1477,802130496,3
1484,1857931467,5
1485,6550789,3
1485,28626958,3
1485,72453907,3
1485,130179620,3
1485,130219193,3
1485,130305065,3
1485,140004424,9
1485,140272941,3
1485,273649949,3
1485,375700382,3
1485,380706725,8
1485,380712172,3
1485,380717085,8
1485,440512158,10
1485,767904281,6
1485,894805770,3
1485,1558747478,3
1485,1884822738,3
1486,971880107,5
1487,812517032,3
1489,385492081,8
1491,451524829,7
1499,465090974,5
1499,877287384,9
1499,1931412677,6
1500,670848549,7
1502,684829746,3
1504,345370775,8
1511,345391802,9
1511,425130215,7
1513,671510053,8
1515,671027344,9
1517,8420444782,4
1517,8489618844,6
1519,671028375,8
1521,61000175,3
1530,044023722X,8
1533,61097659,3
1533,312971362,3
1535,006017935X,7
1535,067976402X,10
1539,1558532161,10
1541,3125918103,3
1543,64408329,3
1546,440235464,3
1546,743456866,3
1546,743457358,3
1547,312251890,3
1547,440227739,3
1548,60394447,1
1548,006093395X,6
1548,61073091,3
1548,312243022,8
1548,316314641,3
1548,034540288X,5
1548,345425707,8
1548,345434692,7
1548,374177023,7
1548,037541181X,7
1548,385491328,3
1548,385508980,3
1548,425167313,8
1548,451821971,7
1548,452280907,3
1548,452282152,8
1548,553131893,8
1548,553234609,9
1548,553258540,9
1548,670894494,3
1548,765342294,8
1548,076790351X,3
1548,786808772,3
1550,802713661,9
1554,440237688,9
1554,679884394,10
1555,1582970262,3
1556,1566091446,5
1557,553577395,3
1558,006105660X,10
1558,374281602,9
1558,425167720,7
1558,446519960,10
1558,609610597,10
1558,671698419,10
1559,60173289,10
1564,140251839,3
1564,140255370,3
1564,399519831,3
1564,425159795,3
1567,394543971,3
1569,60970790,3
1570,156787334,10
1573,448095300,3
1582,1569314195,10
1583,60908548,5
1585,28606353,5
1585,61030953,4
1585,316182540,7
1585,316919896,7
1585,345413903,7
1585,446355224,4
1585,446604658,6
1585,446611611,6
1585,449212602,8
1585,451147375,5
1585,451178033,6
1585,553282476,7
1585,553299506,7
1585,553343874,6
1585,684867621,4
1585,881845906,5
1586,590634275,7
1588,330294377,3
1589,61031569,5
1591,3257228007,10
1596,60002492,5
1596,385511612,6
1596,399148620,3
1596,553582143,3
1596,679426159,6
1596,743202961,3
1596,786866462,3
1597,316569321,7
1597,671020315,5
1597,067169071X,7
1597,679732241,4
1608,042513301X,3
1608,425167720,3
1608,044023722X,3
1608,449212602,10
1608,449214982,5
1608,451117670,3
1608,451402251,3
1608,515090174,8
1608,515095826,8
1608,515111279,8
1608,671510053,3
1608,671555235,3
1608,1558175326,3
1610,1570719586,3
1615,3492232981,10
1616,553580876,9
1617,385475713,7
1617,553268449,8
1618,345290232,3
1619,345441753,3
1619,440225701,9
1619,553578693,7
1633,425045250,7
1639,689825234,9
1641,553375407,7
1643,1863714081,3
1650,804106304,10
1652,151006903,7
1652,038080350X,3
1652,385504209,7
1652,679744479,7
1652,804111359,3
1652,1931561281,5
1653,8401466350,7
1654,1562477676,8
1660,312983654,6
1660,345454073,3
1660,425115801,3
1660,553561618,6
1660,553582747,5
1660,553582933,7
1660,671024248,3
1660,671034022,6
1660,789414708,6
1660,089480829X,7
1661,375727132,3
1661,440208149,3
1661,446607711,3
1661,451151259,3
1672,394820371,3
1674,28621239,3
1674,006015456X,3
1674,60187271,10
1674,60512806,3
1674,60901012,3
1674,60930071,3
1674,60972459,3
1674,60975547,9
1674,60977507,3
1674,131554255,7
1674,014029645X,3
1674,312278675,3
1674,312314256,10
1674,312868308,5
1674,312874006,1
1674,316136778,10
1674,345384466,7
1674,345386256,3
1674,345416880,7
1674,375704000,3
1674,375725784,10
1674,380752298,3
1674,380771292,3
1674,385483503,10
1674,038548951X,10
1674,385497288,10
1674,393312801,10
1674,440234824,3
1674,445085614,3
1674,445202718,1
1674,446516570,3
1674,446525804,3
1674,449912558,5
1674,055326396X,3
1674,553348981,3
1674,590486101,10
1674,609806505,3
1674,061830245X,3
1674,679429220,3
1674,679725164,6
1674,679743464,3
1674,743230213,3
1674,765301954,3
1674,805012478,3
1674,805051589,3
1674,812505166,10
1674,879517980,3
1674,965624773,3
1674,1593080743,3
1676,345434773,3
1683,786005998,7
1684,385254520,8
1687,60170441,3
1687,590431536,3
1688,91880955,3
1688,380791382,3
1688,515122491,5
1688,051512902X,5
1688,515131091,6
1688,552138223,9
1688,563537329,3
1688,712646221,3
1688,749318368,3
1688,812530314,6
1696,8401427177,8
1703,8435015521,3
1705,140254544,3
1705,140257934,3
1705,140265686,3
1706,60182792,9
1706,345392825,5
1706,393038440,4
1706,446603708,3
1706,446606723,7
1706,451524934,10
1706,679721819,8
1706,737020121,8
1718,743418174,8
1719,375412972,7
1719,671027123,3
1719,679745645,7
1719,1569470901,5
1721,449225151,9
1723,590449737,5
1723,892816562,3
1725,156027321,3
1725,345350499,3
1725,671041177,3
1725,689837070,3
1725,765342405,9
1725,8420441732,3
1725,844062719X,10
1725,8440691475,3
1725,844507119X,10
1725,8466300708,3
1725,8466307982,7
1729,312976275,3
1729,312990456,3
1730,743482891,3
1730,767905180,8
1733,312968256,6
1733,312983824,5
1733,316089699,5
1733,345313097,3
1733,373218400,9
1733,373240228,10
1733,373242328,6
1733,373258674,3
1733,037325928X,7
1733,373271867,7
1733,373273193,8
1733,373301529,6
1733,373301537,6
1733,373301626,3
1733,037330174X,8
1733,373301847,3
1733,373510225,3
1733,373691157,3
1733,373706545,5
1733,373708319,6
1733,373708351,10
1733,373709102,3
1733,373709617,3
1733,373764146,7
1733,037383232X,9
1733,373835426,7
1733,373871945,6
1733,380018179,3
1733,425181111,7
1733,446364762,5
1733,044652767X,3
1733,446529788,3
1733,449210197,1
1733,451205650,5
1733,051513287X,9
1733,517077744,8
1733,059035342X,10
1733,743230051,3
1733,743246918,3
1733,743412621,8
1733,789491869,3
1733,971880107,1
1733,1551664690,3
1733,1551666200,9
1733,1551669404,6
1745,380710005,3
1745,380804670,8
1745,425109267,3
1745,449287092,3
1745,553126911,3
1745,055320923X,3
1745,671671138,3
1745,671700081,3
1745,812516192,3
1745,821724231,3
1750,8806163698,3
1750,8880892207,3
1762,8807810360,6
1768,440226430,10
1770,8466302263,3
1773,804106304,9
1775,140348107,8
1782,884092097,3
1782,884092119,9
1790,60506679,4
1790,375701427,8
1790,044022165X,5
1790,553135457,6
1790,671793489,8
1790,803263724,8
1791,380000830,8
1791,380014300,8
1791,812504364,7
1792,895773570,7
1792,155874262X,8
1793,330312367,3
1797,316769487,3
1797,2253001279,3
1797,2253047422,3
1797,2277238929,3
1797,2743606789,8
1799,8806160427,9
1802,553255142,7
1803,385504209,9
1805,60936363,7
1805,312195516,9
1805,312281250,7
1805,345406516,6
1805,038082101X,7
1805,385490461,8
1805,849943663,3
1805,843760494X,8
1805,9500703203,7
1807,3453099613,3
1809,1574534106,3
1812,312774842,8
1812,373630468,3
1812,375727566,8
1812,380977745,3
1812,440224764,3
1812,553250655,3
1812,618050140,3
1812,671676652,3
1812,671708635,7
1812,812970101,3
1812,1558747028,3
1812,1579213405,6
1813,399139125,4
1830,553377884,6
1830,553572997,7
1835,9679787834,6
1838,61012289,9
1838,61092088,3
1838,425162788,9
1838,451195493,3
1838,451195507,3
1838,609605623,8
1841,451208811,5
1844,3404920910,8
1846,2070419878,10
1848,61012149,3
1848,61030651,5
1848,70419361,10
1848,99244926,3
1848,156027321,10
1848,192860925,3
1848,285632655,3
1848,312269587,3
1848,312852487,10
1848,345342968,10
1848,345347536,3
1848,345348109,9
1848,345353145,3
1848,345378482,8
1848,034540288X,3
1848,345417623,8
1848,345422384,3
1848,345422392,3
1848,345443683,9
1848,375705090,9
1848,385029551,10
1848,394712447,10
1848,440211727,3
1848,441102670,3
1848,441104029,3
1848,441294677,3
1848,441328008,3
1848,441328091,3
1848,451169530,5
1848,451177096,3
1848,525463313,6
1848,553351702,3
1848,553580272,3
1848,553580302,3
1848,671027360,3
1848,671027387,3
1848,671510053,3
1848,671722727,10
1848,671758896,3
1848,684818868,10
1848,765348438,10
1848,765348446,10
1848,778800229,5
1848,786868716,10
1848,804832463,10
1848,812511816,10
1848,812513738,8
1848,812513754,3
1848,812550307,3
1848,812550706,8
1848,871401185,7
1848,890420254,10
1848,1929194196,10
1850,009945520X,3
1850,340612843,7
1850,413588106,3
1850,702228842,3
1859,812515609,8
1859,880385367,3
1861,451183681,3
1863,971880107,3
1863,3310005844,3
1863,3442424623,8
1863,3502517959,7
1867,059525893X,3
1869,425122123,8
1869,812530489,10
1869,081257060X,3
1878,446326488,7
1881,446609986,9
1881,080410882X,4
1888,375726624,8
1891,892882816,5
1891,1577487370,7
1891,1578562325,3
1892,767902521,9
1898,60922532,8
1898,60951710,9
1898,385484518,8
1898,786864133,8
1900,006251119X,7
1900,679725164,3
1900,156836010X,3
1901,345380274,4
1901,440224039,6
1901,440236703,3
1901,671795937,3
1903,60392452,3
1903,60928204,3
1903,130289221,10
1903,130891347,8
1903,140282378,3
1903,140620281,3
1903,140621407,3
1903,192802542,3
1903,201895293,3
1903,020530902X,3
1903,316777730,10
1903,316779490,3
1903,340697687,10
1903,345339703,3
1903,345339711,3
1903,345409469,10
1903,345443411,3
1903,375706410,3
1903,380810336,10
1903,038531809X,3
1903,385492081,3
1903,385720920,3
1903,425166791,3
1903,435240765,3
1903,044021145X,3
1903,452266688,10
1903,452284058,3
1903,465021433,10
1903,486401464,3
1903,517084732,8
1903,525947647,3
1903,061819729X,3
1903,068815252X,3
1903,073520313X,3
1903,743457358,3
1903,753811464,3
1903,767902513,3
1903,076790396X,3
1903,767910079,3
1903,078686351X,6
1903,806957050,10
1903,809225034,3
1903,811201090,3
1903,812550706,10
1903,880841109,3
1903,971880107,3
1903,1564146731,9
1903,1565115228,10
1903,1565122798,3
1903,1572241381,3
1903,1581820542,1
1903,1585420611,10
1903,1592400876,3
1904,553211978,3
1905,553274503,5
1915,440224659,7
1918,1841492086,8
1922,345308239,3
1923,330357190,8
1923,413537900,3
1923,413588106,8
1923,671757059,8
1923,1860467776,3
1927,60094850,3
1928,64409430,3
1928,312267819,5
1928,316666343,10
1928,345384350,3
1928,373196903,3
1928,373196962,3
1928,380728125,3
1928,380752107,3
1928,394830148,9
1928,425133540,3
1928,425161242,3
1928,425173755,3
1928,425194493,3
1928,446527289,3
1928,451199871,3
1928,531103099,3
1928,590110225,3
1928,671511424,3
1928,671722816,3
1928,671822209,3
1928,068983571X,3
1928,743457900,3
1928,743469801,3
1928,835902242,8
1928,842361715,3
1928,963144839,3
1928,1563521024,5
1933,440226430,8
1937,60175532,7
1938,811200701,3
1945,671023373,10
1947,679748083,9
1948,830819223,3
1949,380731851,3
1949,425175405,8
1951,749930721,7
1961,345298365,8
1961,380009560,3
1963,380776510,3
1965,880781210X,3
1966,1570422826,7
1969,2070368076,3
1971,312874995,7
1978,425185702,10
1986,886771560,3
1989,684862719,9
1990,8532501192,5
1990,8570070063,9
1990,8585622032,7
1995,8485229606,5
1996,140272658,8
1996,552998338,7
2009,385299842,7
2009,385304366,3
2009,486243451,8
2009,051748904X,3
2009,713723076,9
2009,071411393X,9
2009,087226002X,7
2009,1555910408,8
2009,1850630127,3
2009,1855853906,3
2010,312717415,3
2010,312860951,3
2010,316602051,3
2010,345452534,3
2010,345452550,3
2010,374281602,3
2010,380796090,6
2010,399147357,7
2010,440221420,5
2010,446604658,3
2010,446604666,10
2010,449006522,3
2010,451197879,8
2010,553573977,3
2010,671024248,3
2010,671614460,4
2010,684836491,5
2010,684859262,8
2010,684867583,3
2010,688156126,9
2010,740704532,8
2010,836221966,3
2010,836221974,5
2010,836228790,3
2010,836232232,3
2010,1552976246,2
2012,61015725,3
2012,312958455,3
2012,316154067,9
2012,340792655,3
2012,345353145,8
2012,413537900,3
2012,413588106,10
2012,425157164,3
2012,425181200,3
2012,449221482,8
2012,451163494,3
2012,515120863,6
2012,553279912,10
2012,553348973,5
2012,055356160X,3
2012,553579754,3
2012,593043995,3
2012,670892963,2
2012,671023616,8
2012,1855681870,8
2018,446516538,5
2019,440211727,5
2019,440214041,5
2020,679446486,3
2024,60167084,8
2024,151002231,9
2024,226067114,8
2024,312028784,7
2024,380717972,9
2024,385239068,5
2024,393011224,9
2024,415907411,8
2024,472095978,9
2024,525480374,5
2024,525943730,5
2024,802116825,8
2024,802130259,5
2024,807079200,9
2024,812822625,5
2024,841502439,9
2024,846705672,9
2024,877736510,8
2024,878670319,9
2024,890876096,8
2024,896082172,8
2024,1560238763,8
2024,1565842103,8
2024,1895857058,9
2030,62500287,10
2030,62502174,10
2030,62507567,10
2030,62508482,10
2030,62509594,10
2030,62513346,10
2030,140298479,10
2030,140422226,10
2030,385315287,10
2030,385484100,10
2030,394404289,10
2030,440108268,10
2030,440204321,10
2030,044020562X,10
2030,446673714,3
2030,446676489,10
2030,525945040,10
2030,553255959,10
2030,553274384,10
2030,553476580,10
2030,067084487X,10
2030,671777351,10
2030,694524638,10
2030,743400720,10
2030,076071150X,3
2030,786860642,10
2030,806514094,10
2030,809237601,10
2030,809237628,10
2030,811812006,10
2030,821211226,10
2030,892132701,3
2030,912365579,10
2030,912776412,3
2030,915811898,10
2030,1561706213,10
2030,1561707236,10
2030,1561707244,10
2030,1577310454,10
2030,1577311868,10
2030,1880032627,10
2030,1882591275,5
2033,20083513,3
2033,30020786,7
2033,60256664,10
2033,133502813,10
2033,140386645,8
2033,142000663,10
2033,156935805,3
2033,345337662,5
2033,345351525,3
2033,385265700,3
2033,399505962,3
2033,044022165X,3
2033,449003787,3
2033,471485527,10
2033,486293556,3
2033,525462325,3
2033,553205587,3
2033,590353403,9
2033,671519751,10
2033,671722816,3
2033,688149790,8
2033,713442549,3
2033,716723980,7
2033,716724022,7
2033,765342294,3
2033,765345048,10
2033,765347539,3
2033,786861320,8
2033,786889020,3
2033,794505007,3
2033,812090381,9
2033,812533550,10
2033,836218256,9
2033,867202076,3
2033,889652066,8
2033,094547069X,3
2033,965921506,10
2033,156305700X,7
2035,140376410,8
2036,452281296,8
2036,1573229326,9
2038,038072930X,8
2041,60923717,7
2041,151003394,8
2041,316754315,3
2041,345406036,8
2041,385416342,7
2041,385424736,7
2041,440224772,3
2041,671617028,8
2041,671672576,6
2041,679743243,5
2041,068483376X,1
2041,068484270X,5
2041,871132389,3
2043,61057983,3
2043,345421825,10
2045,8817844330,6
2046,140390839,3
2046,373123086,6
2046,373123515,3
2046,373123523,3
2046,373123531,3
2046,373196504,3
2046,373245513,3
2046,373805217,3
2046,375433465,3
2046,380752123,10
2046,425130312,3
2046,042517736X,3
2046,525440631,3
2046,671543180,3
2046,671696513,3
2046,067170091X,3
2046,067170463X,3
2046,671704664,3
2046,671705997,3
2046,821758179,3
2060,380896931,9
2063,971942315,8
2066,3455059554,4
2070,553275860,9
2074,739307312,3
2074,8432206407,3
2074,844140898X,8
2075,3423105518,10
2077,380725398,5
2078,812090284,3
2082,590254715,8
2084,8420443026,8
2084,8420483885,7
2084,843396951X,7
2084,8434845091,6
2084,8440616368,9
2084,8440682441,6
2084,8474448174,7
2084,8477021473,8
2084,8478886818,8
2084,8484500020,8
2084,8484509125,6
2087,345417623,3
2087,449210073,3
2089,446605239,10
2090,61054267,3
2090,312875495,3
2090,345314247,3
2090,380470845,8
2090,380715309,3
2090,380720191,3
2090,380898179,3
2090,425161242,3
2090,440162041,10
2090,440212723,3
2090,515131091,3
2090,553130285,3
2090,553276735,3
2090,553291025,3
2090,553295977,3
2090,553299743,3
2090,671016768,3
2090,671034022,3
2090,671646575,5
2090,671739778,6
2090,679770232,5
2090,786889047,3
2090,812549295,3
2097,60955775,9
2099,440224764,8
2103,140259988,10
2103,014029645X,10
2103,142003409,10
2103,385472951,9
2103,395629497,10
2103,441225691,9
2103,451451686,10
2103,671577727,10
2103,671721720,10
2103,671875965,10
2103,679723374,6
2103,679745963,7
2103,068486780X,8
2103,716744481,7
2103,743224574,3
2103,743458036,3
2104,671010115,8
2105,671004549,7
2106,312422601,5
2106,375509283,6
2106,553565915,8
2106,802139256,3
2106,081297106X,6
2108,553572997,9
2109,055356160X,4
2110,64472779,8
2110,140022651,10
2110,140298479,3
2110,151008116,5
2110,015216250X,8
2110,152162577,3
2110,345260627,10
2110,345283554,10
2110,345283929,10
2110,345307674,10
2110,345317580,10
2110,345335287,10
2110,345362276,10
2110,345375580,10
2110,373512066,3
2110,380570009,10
2110,394707745,8
2110,042516540X,8
2110,439164567,3
2110,439240700,10
2110,446394521,3
2110,451077237,8
2110,486270718,10
2110,051512463X,8
2110,515127396,8
2110,515134384,5
2110,553492411,3
2110,590109715,10
2110,059035342X,10
2110,590448315,8
2110,590448323,8
2110,590448595,8
2110,059046678X,10
2110,590629778,10
2110,590629786,10
2110,590629794,10
2110,590629808,10
2110,671001868,8
2110,671042858,3
2110,671527215,9
2110,671529714,7
2110,067166865X,10
2110,671695304,10
2110,671740881,3
2110,671740903,3
2110,671751174,10
2110,671795937,3
2110,671802283,8
2110,679023755,8
2110,068808527X,8
2110,786868716,3
2110,805019367,3
2110,807842613,9
2110,812505042,10
2110,898863538,8
2110,929634063,3
2110,1558504184,8
2115,044021145X,3
2115,515120618,7
2115,553295691,3
2115,553562754,3
2116,671004573,7
2119,971766711,5
2127,446605239,8
2130,201731355,8
2132,60001445,3
2132,60001453,3
2132,60002050,8
2132,60009241,3
2132,60502312,3
2132,61032093,3
2132,312979495,3
2132,312989202,3
2132,312989431,3
2132,345447174,3
2132,373123213,3
2132,373292228,3
2132,380811065,3
2132,380812029,3
2132,380812975,3
2132,038081479X,3
2132,380819619,3
2132,440235960,3
2132,440236401,8
2132,446611107,3
2132,446611298,3
2132,451205650,3
2132,451206754,3
2132,451208153,3
2132,451208293,9
2132,451208412,3
2132,553583077,3
2132,553583085,3
2132,553583565,3
2132,553583905,1
2132,743436830,3
2132,804119740,3
2132,804119953,3
2132,821771205,3
2132,821772252,3
2132,843949635,3
2132,843949724,3
2132,084395051X,3
2132,843950676,8
2132,843950803,3
2132,843951346,3
2132,843952059,9
2132,1551665964,3
2132,1551666766,8
2132,1551666855,3
2132,1551668424,8
2132,1551668521,3
2132,1551668920,3
2132,1551669463,3
2134,60392703,10
2134,140255087,3
2134,385483813,7
2134,399517405,9
2134,440224055,3
2134,671743228,10
2134,684866048,10
2134,688164307,8
2134,1556590415,6
2134,1583940677,3
2134,1885171013,7
2135,425102319,3
2135,446400688,6
2135,804110867,8
2136,312311354,3
2136,039304856X,3
2136,399143335,8
2136,441000312,3
2136,441001866,8
2136,515118249,3
2136,515134384,8
2136,743456823,3
2136,962455741,3
2138,671743562,8
2139,142004235,8
2139,385335830,7
2139,515130389,10
2139,515135062,10
2139,553272837,10
2139,743262174,8
2139,080411935X,3
2141,595197124,6
2147,689859376,8
2148,316182540,8
2150,1563524317,3
2152,037542217X,7
2152,375727132,7
2152,446612545,7
2155,8421615386,6
2158,140065008,3
2160,6476333,3
2160,156881802,3
2163,325723273X,7
2163,3257233027,3
2169,743412028,7
2170,3442429439,7
2172,61056774,3
2172,425169693,5
2178,452269571,5
2179,7103999,3
2179,60392452,9
2179,60914254,3
2179,153895152,3
2179,252068505,8
2179,312263120,8
2179,345412451,3
2179,345435869,3
2179,380815931,10
2179,385504209,10
2179,441003702,3
2179,441117732,3
2179,441374239,3
2179,446532231,9
2179,451455789,9
2179,451458370,9
2179,451524934,8
2179,051513287X,3
2179,055329461X,3
2179,553373803,10
2179,055357549X,3
2179,553576399,3
2179,553576429,3
2179,590353403,10
2179,618002219,9
2179,671721046,10
2179,671877143,3
2179,671877283,3
2179,804108447,3
2179,806511605,3
2179,875424961,3
2179,877285314,3
2179,886776155,3
2179,886777844,9
2179,887307884,9
2179,089281313X,3
2179,915035170,9
2179,930878132,3
2179,932130097,8
2179,941104184,10
2179,963401661,3
2179,1566393523,8
2179,1568650418,3
2181,765341840,8
2183,380789116,3
2183,671021001,9
2189,141002077,6
2189,312243359,8
2189,385498802,3
2189,394757653,7
2189,2253182389,7
2189,2742702458,3
2189,2877141667,4
2190,446674338,3
2190,449904628,3
2190,812579569,7
2190,831750065,3
2190,898655293,3
2197,156005778,3
2197,312291639,9
2197,375727434,7
2197,449701301,3
2197,449701875,8
2197,449702146,10
2197,449702545,8
2197,449702936,8
2197,449703347,3
2197,590471570,9
2197,590477323,7
2197,1550223968,8
2198,451524934,10
2199,99771519,9
2203,014043187X,7
2204,440211727,9
2218,425101452,8
2219,192816489,8
2222,014018869X,9
2222,189251415X,8
2223,1401068049,5
2224,2070374637,7
2226,2890377741,9
2230,375505296,2
2232,3423350024,3
2238,62502182,3
2238,034536662X,10
2238,553348981,10
2240,486251772,8
2244,671541013,3
2250,684874350,8
2253,446611212,8
2253,451207580,3
2255,316168688,8
2255,425175405,7
2255,425189082,3
2255,452264790,8
2255,679448802,3
2268,971880107,3
2271,684874350,10
2275,60977493,3
2276,345277937,3
2276,345280229,3
2276,034538475X,3
2276,345388674,3
2276,345404793,9
2276,345419995,3
2276,380561433,3
2276,385505833,5
2276,385510438,3
2276,394718224,3
2276,425155943,3
2276,425158616,3
2276,425182908,4
2276,440177499,3
2276,440236673,10
2276,440241537,3
2276,441239196,3
2276,441317502,9
2276,441354955,3
2276,441816533,3
2276,446605484,3
2276,446609323,9
2276,449001954,3
2276,449212602,3
2276,451153553,3
2276,451163036,3
2276,451451279,3
2276,553130250,3
2276,553144286,8
2276,553240307,10
2276,553254456,3
2276,055327418X,3
2276,553285653,3
2276,553583468,10
2276,553584510,9
2276,553585118,10
2276,553585681,10
2276,671002384,3
2276,671002406,3
2276,671004247,3
2276,671006754,3
2276,671016768,8
2276,671461494,3
2276,671555235,3
2276,671822845,3
2276,671824171,3
2276,679429220,3
2276,743439740,3
2276,805063897,10
2276,812511816,3
2276,812513738,3
2276,812550307,3
2276,087100240X,3
2276,874771412,3
2276,875421989,3
2276,879831227,3
2276,879977361,3
2276,879977981,3
2276,880387157,3
2276,962893862,3
2276,1566492785,3
2276,3257229534,3
2281,61008427,3
2281,380718340,3
2281,425098648,3
2281,425181103,7
2281,786001690,3
2281,886777631,3
2283,451153553,3
2287,60981180,6
2287,61051098,6
2287,140077022,5
2287,142001805,3
2287,375706062,6
2287,380014033,7
2287,425143341,3
2287,425147622,7
2287,446360856,6
2287,451180410,7
2287,553277839,3
2288,20519109,4
2288,20532105,3
2288,70212570,8
2288,310466628,6
2288,312305060,3
2288,312993560,8
2288,345384369,3
2288,034539657X,3
2288,345468392,3
2288,373227787,3
2288,037327369X,3
2288,373273711,3
2288,037327372X,3
2288,037329168X,3
2288,373791429,3
2288,380400480,3
2288,380819619,3
2288,425092178,3
2288,425115801,10
2288,425144429,5
2288,425144569,3
2288,425188809,10
2288,440206707,7
2288,446363510,6
2288,451212193,3
2288,553210092,5
2288,553582747,3
2288,553582763,9
2288,671623931,3
2288,743493540,3
2288,778320227,3
2288,800758579,3
2288,812589831,3
2288,821764462,10
2288,821770594,10
2288,964894203,3
2288,1551666685,3
2288,1591451124,3
2288,1593100825,3
2288,1593101678,3
2292,451204948,8
2295,60175966,3
2295,62502182,6
2295,486290492,8
2295,156619301X,3
2295,156836010X,3
2296,399144137,8
2296,743436741,7
2302,330352253,3
2305,609600567,7
2308,671021001,3
2311,786404019,10
2312,140348107,8
2313,20442602,9
2313,60173289,9
2313,295955252,8
2313,300069049,3
2313,312186754,5
2313,312275560,6
2313,312876513,6
2313,345348036,9
2313,034545104X,5
2313,375706771,3
2313,385470142,9
2313,385482388,5
2313,394756827,10
2313,395874653,8
2313,399141146,3
2313,399146431,5
2313,449912558,3
2313,451525078,3
2313,452260116,9
2313,520077806,8
2313,553213601,3
2313,553278223,7
2313,679722319,3
2313,679729259,8
2313,679733760,7
2313,679741410,6
2313,679745580,8
2313,767901266,3
2313,803287100,6
2313,080901548X,3
2313,812533550,9
2313,820319627,7
2313,824811720,6
2313,870238566,7
2313,879520388,7
2313,1558850481,6
2316,042517736X,3
2324,312978367,3
2324,038079893X,3
2326,812511816,3
2333,312195516,9
2333,316789089,3
2337,60928336,9
2337,142001740,8
2337,345350499,9
2337,375705856,3
2337,385505833,7
2337,451191153,8
2354,014131088X,8
2354,380814021,7
2354,671759361,3
2357,375725784,8
2358,316666343,3
2358,037570504X,3
2358,425169863,3
2358,440131480,3
2358,446516538,3
2358,446603708,3
2358,671021001,3
2358,671027360,3
2359,385512104,3
2363,671726889,9
2366,553210092,8
2375,345424719,7
2375,345465083,7
2375,385498721,3
2375,671003755,9
2379,440224624,8
2385,446604666,6
2386,446672211,3
2388,142001740,6
2399,345285549,3
2399,345317580,7
2399,345337662,9
2411,971880107,3
2414,62502182,7
2417,051513290X,7
2437,61032093,9
2437,515120618,3
2439,425130215,3
2442,8880892207,3
2453,515122491,10
2462,804117934,9
2485,812504364,5
2499,080213825X,5
2503,1400034779,7
2515,8466307982,7
2528,671867156,10
2529,61009059,3
2559,60928336,7
2559,671036505,4
2559,679772677,3
2569,553572997,8
2580,446300101,6
2589,345443284,3
2591,449212602,9
2595,425169863,3
2630,440224764,3
2630,842342702,3
2632,385493800,9
2638,142000205,8
2640,425147622,8
2665,140620338,5
2679,140016821,7
2683,786867086,10
2690,380896931,4
2700,743206045,7
2719,451452755,3
2719,812566629,3
2729,881787017X,3
2738,380727501,3
2738,446532231,3
2738,743222229,8
2738,8806163698,4
2744,345342968,3
2760,3404100263,3
2766,60392452,3
2766,140348107,3
2766,142001740,3
2766,312305060,3
2766,316666343,9
2766,316776963,3
2766,345378490,3
2766,345384369,3
2766,345391802,3
2766,038039586X,9
2766,385486804,3
2766,385508417,7
2766,425181111,3
2766,440214041,3
2766,440219078,8
2766,440236673,3
2766,440237688,7
2766,446310786,10
2766,446516538,6
2766,446606812,3
2766,449005615,9
2766,553279912,7
2766,590897985,3
2766,670030643,8
2766,671510053,3
2766,671617028,3
2766,679419152,3
2766,679450548,3
2766,679733760,5
2766,067976402X,3
2766,684801221,10
2766,684874350,3
2766,743412028,3
2766,767902521,8
2766,812590236,3
2766,812590244,3
2766,971880107,6
2766,1573225789,3
2770,553569058,3
2770,842329129,6
2771,449005615,3
2776,486280616,7
2790,60928336,3
2790,156027321,3
2790,316666343,3
2793,312263120,3
2793,440237688,3
2793,446611239,3
2793,451204050,3
2793,515128554,3
2793,515134384,3
2793,515135062,7
2793,553582763,3
2793,059035342X,3
2793,671027387,3
2798,399145087,3
2799,62502182,3
2799,451524934,10
2799,671695304,3
2799,786885688,3
2804,059035342X,3
2830,971880107,3
2853,671527215,3
2854,316666343,7
2854,316781266,3
2854,446523569,7
2854,446610399,5
2855,380730138,3
2855,385484518,3
2855,399144463,5
2859,015600710X,5
2891,60188731,3
2891,60199563,3
2891,60392452,3
2891,60928336,6
2891,60930535,3
2891,61080519,3
2891,142001740,7
2891,156027321,5
2891,312282990,3
2891,312305060,3
2891,312422156,3
2891,375701427,3
2891,375726403,3
2891,375727434,7
2891,385482388,7
2891,038548951X,8
2891,385503857,9
2891,425169626,3
2891,446607711,3
2891,449005615,3
2891,449912558,9
2891,451162072,3
2891,452260116,8
2891,515118249,3
2891,055327418X,3
2891,618173870,3
2891,671003755,7
2891,671646575,3
2891,679457313,3
2891,679732764,8
2891,067976402X,3
2891,743225406,3
2891,804106304,7
2891,886777690,3
2891,929634063,3
2907,044023722X,5
2907,553582658,3
2907,067101420X,3
2933,375726403,3
2945,038548951X,8
2954,60973129,8
2954,440235502,10
2966,038531258X,7
2977,60392452,3
2977,60981180,8
2977,316569321,7
2977,345370775,3
2977,037570504X,5
2977,375725784,3
2977,385491050,3
2977,425130215,9
2977,425142485,3
2977,044021145X,3
2977,440234743,3
2977,449002632,8
2977,451153553,3
2977,452282152,7
2977,553285343,3
2977,553569058,3
2977,670894494,6
2977,671000381,3
2977,671021001,9
2977,767902521,3
2977,805062971,3
2977,081297106X,3
2977,971880107,3
2982,684833395,3
2992,385420161,9
2995,60928336,6
2996,345361792,8