ORIGIN,DESTINATION,DEPARTURE_TIME,EXPECTED_ARRIVAL_TIME,ORIGINAL_ARRIVAL_TIME,DELAY_MINUTES,IS_DELAY_BY_15_MINUTES
ATL,SEA,1905,2143,2102,-41,0
DTW,MSP,1345,1435,1439,4,0
ATL,SEA,940,1215,1142,-33,0
SEA,MSP,819,1335,1345,10,0
SEA,DTW,2300,607,615,8,0
MSP,ATL,1129,1459,1441,-18,0
ATL,MSP,1745,1931,1920,-11,0
MSP,SEA,1740,1929,1908,-21,0
MSP,SEA,1115,1305,1255,-10,0
MSP,ATL,1430,1801,1800,-1,0
ATL,JFK,825,1038,1029,-9,0
ATL,SEA,1345,1621,1605,-16,0
ATL,MSP,725,904,903,-1,0
DTW,SEA,835,1047,1023,-24,0
DTW,ATL,1624,1830,1805,-25,0
MSP,DTW,1345,1620,1616,-4,0
JFK,ATL,1300,1538,1519,-19,0
DTW,SEA,1728,1929,1905,-24,0
SEA,JFK,715,1530,1519,-11,0
ATL,DTW,725,920,920,0,0
ATL,SEA,824,1059,1101,2,0
ATL,DTW,1456,1655,1643,-12,0
MSP,DTW,833,1116,1105,-11,0
MSP,ATL,1508,1835,1818,-17,0
ATL,DTW,1340,1537,1524,-13,0
SEA,ATL,745,1529,1528,-1,0
MSP,SEA,1440,1625,1604,-21,0
DTW,ATL,2020,2227,2211,-16,0
MSP,ATL,610,940,922,-18,0
SEA,ATL,2355,732,736,4,0
ATL,SEA,1620,1859,1838,-21,0
MSP,DTW,1152,1433,1425,-8,0
DTW,ATL,1345,1549,1532,-17,0
DTW,SEA,1215,1420,1437,17,1
SEA,MSP,1520,2032,2048,16,1
ATL,DTW,1205,1404,1405,1,0
ATL,MSP,1205,1345,1355,10,0
SEA,MSP,1520,2032,2108,36,1
DTW,ATL,1005,1209,1149,-20,0
MSP,ATL,1129,1500,1506,6,0
ATL,SEA,824,1059,1102,3,0
JFK,ATL,830,1111,1108,-3,0
MSP,SEA,650,844,819,-25,0
MSP,ATL,1320,1649,1636,-13,0
SEA,MSP,710,1223,1220,-3,0
DTW,ATL,1205,1411,1415,4,0
DTW,JFK,1930,2125,2105,-20,0
DTW,ATL,1205,1411,1423,12,0
DTW,JFK,1930,2125,2138,13,0
DTW,MSP,1006,1105,1102,-3,0
ATL,DTW,2040,2234,2229,-5,0
MSP,ATL,1732,2105,2043,-22,0
DTW,MSP,1540,1649,1631,-18,0
JFK,ATL,1501,1750,1749,-1,0
JFK,SEA,700,1020,1000,-20,0
JFK,SEA,1625,1951,2023,32,1
ATL,JFK,1740,2008,1955,-13,0
DTW,ATL,1746,1954,1925,-29,0
SEA,DTW,2300,609,617,8,0
ATL,MSP,840,1022,1022,0,0
JFK,MSP,805,1024,1012,-12,0
ATL,DTW,2040,2234,2229,-5,0
MSP,DTW,1530,1805,1810,5,0
MSP,ATL,1910,2240,2227,-13,0
JFK,MSP,1625,1845,1909,24,1
JFK,SEA,700,1020,946,-34,0
SEA,MSP,1120,1637,1721,44,1
MSP,JFK,1020,1405,1404,-1,0
MSP,ATL,958,1328,1312,-16,0
ATL,JFK,1025,1240,1223,-17,0
DTW,MSP,719,830,815,-15,0
DTW,MSP,1940,2036,2050,14,0
MSP,ATL,730,1111,1039,-32,0
ATL,MSP,1455,1640,1639,-1,0
MSP,DTW,1752,2033,2035,2,0
SEA,ATL,1345,2128,2132,4,0
ATL,DTW,1905,2103,2057,-6,0
ATL,DTW,1735,1934,2011,37,1
ATL,SEA,1350,1625,1608,-17,0
DTW,MSP,1350,1449,1427,-22,0
DTW,ATL,1627,1840,1824,-16,0
ATL,JFK,2050,2314,2256,-18,0
DTW,MSP,1200,1302,1238,-24,0
MSP,ATL,729,1104,1051,-13,0
DTW,JFK,2000,2159,2146,-13,0
SEA,ATL,830,1614,1616,2,0
DTW,SEA,1215,1430,1346,-44,0
SEA,ATL,620,1404,1354,-10,0
MSP,DTW,1152,1436,1423,-13,0
ATL,JFK,1745,2014,2009,-5,0
JFK,ATL,805,1043,1019,-24,0
ATL,MSP,1205,1354,1355,1,0
MSP,SEA,910,1100,1056,-4,0
DTW,MSP,705,824,815,-9,0
MSP,DTW,1152,1436,1417,-19,0
ATL,JFK,1745,2014,2008,-6,0
DTW,ATL,835,1049,1049,0,0
JFK,ATL,1930,2211,2147,-24,0
MSP,ATL,1125,1458,1455,-3,0
ATL,MSP,1735,1924,1910,-14,0
MSP,SEA,1130,1322,1257,-25,0
ATL,MSP,2215,2357,3,6,0
ATL,MSP,1915,2108,2036,-32,0
DTW,ATL,1205,1415,1349,-26,0
DTW,MSP,1001,1107,1045,-22,0
ATL,MSP,1046,1230,1207,-23,0
MSP,DTW,1348,1632,1615,-17,0
JFK,ATL,1325,1600,1604,4,0
DTW,ATL,1208,1420,1356,-24,0
JFK,SEA,1650,2018,1920,-58,0
SEA,MSP,1105,1627,1626,-1,0
MSP,ATL,1005,1334,1323,-11,0
SEA,MSP,1315,1837,1835,-2,0
ATL,MSP,1046,1230,1206,-24,0
DTW,ATL,1627,1840,1821,-19,0
ATL,JFK,2050,2315,2248,-27,0
DTW,MSP,1200,1303,1245,-18,0
ATL,DTW,1620,1824,1804,-20,0
SEA,ATL,2316,653,654,1,0
DTW,MSP,834,945,915,-30,0
SEA,MSP,1530,2048,2047,-1,0
MSP,DTW,1759,2044,2051,7,0
MSP,ATL,1125,1458,1455,-3,0
ATL,MSP,1735,1924,1933,9,0
MSP,SEA,1130,1322,1254,-28,0
ATL,MSP,2215,2357,2332,-25,0
ATL,MSP,1915,2108,2036,-32,0
ATL,DTW,1341,1542,1535,-7,0
MSP,ATL,1005,1334,1349,15,1
SEA,MSP,1315,1837,1850,13,0
ATL,MSP,1046,1230,1213,-17,0
DTW,ATL,1345,1558,1530,-28,0
SEA,DTW,2300,615,621,6,0
ATL,SEA,1920,2205,2117,-48,0
ATL,DTW,1620,1824,1813,-11,0
ATL,DTW,1341,1542,1538,-4,0
MSP,SEA,1415,1603,1546,-17,0
SEA,JFK,1110,1930,1944,14,0
ATL,SEA,1630,1913,1837,-36,0
ATL,DTW,1054,1253,1247,-6,0
MSP,JFK,1755,2149,2150,1,0
SEA,JFK,700,1515,1529,14,0
DTW,ATL,1205,1418,1410,-8,0
ATL,MSP,730,914,846,-28,0
JFK,DTW,901,1115,1057,-18,0
DTW,ATL,720,945,938,-7,0
MSP,ATL,1732,2105,2133,28,1
DTW,SEA,840,1100,1013,-47,0
JFK,ATL,816,1051,1041,-10,0
ATL,MSP,1205,1354,1400,6,0
MSP,SEA,910,1100,1102,2,0
MSP,ATL,1005,1334,1346,12,0
ATL,MSP,855,1040,1009,-31,0
MSP,DTW,1951,2234,2236,2,0
DTW,ATL,1345,1555,1626,31,1
SEA,DTW,2300,615,559,-16,0
ATL,SEA,1920,2205,2142,-23,0
ATL,DTW,1620,1824,1802,-22,0
ATL,MSP,1350,1538,1510,-28,0
ATL,JFK,1000,1211,1154,-17,0
ATL,MSP,1455,1645,1619,-26,0
MSP,ATL,725,1057,1050,-7,0
ATL,DTW,2210,3,5,2,0
SEA,MSP,645,1201,1205,4,0
SEA,ATL,620,1401,1404,3,0
MSP,SEA,1415,1603,1545,-18,0
SEA,JFK,1110,1930,1950,20,1
SEA,ATL,620,1401,1416,15,1
MSP,DTW,1152,1436,1443,7,0
MSP,ATL,905,1234,1229,-5,0
MSP,ATL,1939,2308,2305,-3,0
ATL,SEA,831,1109,1054,-15,0
JFK,ATL,820,1052,1040,-12,0
ATL,DTW,1054,1249,1242,-7,0
ATL,MSP,1930,2120,2118,-2,0
DTW,ATL,1205,1416,1506,50,1
JFK,DTW,1845,2059,2045,-14,0
DTW,JFK,1527,1724,1709,-15,0
DTW,MSP,1540,1649,1703,14,0
JFK,ATL,1325,1600,1607,7,0
JFK,ATL,610,849,835,-14,0
JFK,SEA,1615,1945,1955,10,0
MSP,SEA,910,1100,1031,-29,0
MSP,ATL,1005,1334,1323,-11,0
SEA,MSP,1315,1837,1837,0,0
MSP,ATL,1732,2103,2109,6,0
DTW,MSP,1540,1646,1623,-23,0
JFK,ATL,1325,1600,1558,-2,0
JFK,SEA,740,1053,1133,40,1
JFK,SEA,1615,1940,1930,-10,0
ATL,DTW,915,1109,1108,-1,0
ATL,MSP,835,1018,1000,-18,0
ATL,DTW,1620,1825,1846,21,1
ATL,DTW,1341,1542,1552,10,0
MSP,SEA,1415,1603,1536,-27,0
SEA,JFK,1110,1930,1945,15,1
SEA,ATL,620,1401,1402,1,0
MSP,DTW,1152,1436,1521,45,1
ATL,JFK,1745,2014,2131,77,1
DTW,ATL,835,1049,1615,326,1
DTW,MSP,834,945,917,-28,0
SEA,MSP,1530,2048,2050,2,0
MSP,DTW,1759,2044,2100,16,1
SEA,DTW,700,1415,1423,8,0
ATL,JFK,1515,1749,2020,151,1
DTW,ATL,1345,1558,2019,261,1
SEA,DTW,2300,615,609,-6,0
ATL,SEA,1920,2205,2145,-20,0
MSP,DTW,1020,1304,1302,-2,0
SEA,DTW,700,1415,1405,-10,0
ATL,MSP,1350,1540,1524,-16,0
DTW,ATL,1627,1840,1825,-15,0
ATL,JFK,2050,2315,2243,-32,0
ATL,MSP,1455,1645,1622,-23,0
DTW,ATL,2005,2219,2227,8,0
MSP,SEA,1739,1928,2032,64,1
ATL,DTW,2210,5,2352,-13,0
SEA,MSP,645,1204,1151,-13,0
SEA,JFK,2305,723,654,-29,0
DTW,SEA,2008,2221,2236,15,1
DTW,ATL,720,945,931,-14,0
ATL,MSP,1046,1230,1220,-10,0
MSP,DTW,1353,1637,1636,-1,0
JFK,SEA,700,1020,1001,-19,0
JFK,ATL,820,1055,1048,-7,0
ATL,JFK,1205,1424,1411,-13,0
DTW,SEA,1505,1709,1645,-24,0
MSP,ATL,1125,1456,1530,34,1
ATL,SEA,831,1109,1037,-32,0
JFK,MSP,1610,1836,2056,140,1
DTW,ATL,600,820,746,-34,0
DTW,ATL,2153,5,30,25,1
SEA,DTW,1348,2104,2334,150,1
MSP,SEA,1933,2125,2103,-22,0
JFK,DTW,909,1123,1535,252,1
MSP,DTW,1408,1648,1652,4,0
JFK,SEA,700,1020,1001,-19,0
JFK,MSP,1129,1344,1504,80,1
ATL,JFK,1205,1424,1400,-24,0
MSP,DTW,635,921,905,-16,0
DTW,ATL,1740,1954,2001,7,0
ATL,SEA,1350,1625,1626,1,0
DTW,MSP,1345,1444,1459,15,1
DTW,SEA,840,1100,1115,15,1
JFK,ATL,1632,1921,1852,-29,0
ATL,JFK,1205,1424,1418,-6,0
MSP,DTW,635,921,914,-7,0
DTW,ATL,1740,1954,1943,-11,0
DTW,SEA,2008,2221,2217,-4,0
SEA,MSP,815,1336,1324,-12,0
MSP,ATL,905,1234,1242,8,0
MSP,ATL,1125,1458,1441,-17,0
ATL,SEA,831,1109,1116,7,0
SEA,JFK,2305,723,710,-13,0
DTW,SEA,2008,2221,2232,11,0
SEA,MSP,815,1337,1325,-12,0
MSP,ATL,905,1234,1226,-8,0
MSP,ATL,1939,2306,2255,-11,0
MSP,JFK,700,1049,1012,-37,0
ATL,SEA,1630,1912,1856,-16,0
ATL,DTW,1054,1253,1254,1,0
MSP,JFK,1755,2149,2125,-24,0
SEA,JFK,700,1515,1451,-24,0
SEA,DTW,940,1655,1636,-19,0
DTW,MSP,1001,1107,1116,9,0
JFK,DTW,909,1123,1114,-9,0
MSP,DTW,1530,1813,1801,-12,0
DTW,ATL,1454,1706,1714,8,0
JFK,ATL,820,1055,1103,8,0
JFK,SEA,1615,1945,1920,-25,0
SEA,MSP,1105,1627,1626,-1,0
ATL,MSP,2105,2257,2247,-10,0
ATL,MSP,835,1020,1023,3,0
MSP,DTW,1951,2234,2230,-4,0
ATL,DTW,1456,1655,1701,6,0
ATL,JFK,1000,1213,1209,-4,0
MSP,DTW,1020,1304,1250,-14,0
SEA,DTW,700,1415,1356,-19,0
ATL,MSP,1350,1540,1509,-31,0
DTW,ATL,1627,1840,1822,-18,0
ATL,JFK,2050,2315,2312,-3,0
ATL,MSP,1455,1645,2036,231,1
DTW,ATL,2005,2219,2154,-25,0
MSP,SEA,1739,1928,1911,-17,0
ATL,DTW,2210,5,2357,-8,0
SEA,MSP,645,1204,1201,-3,0
DTW,ATL,2013,2227,2217,-10,0
MSP,SEA,1739,1928,1951,23,1
ATL,DTW,2210,5,1,-4,0
SEA,MSP,645,1204,1153,-11,0
SEA,JFK,2305,723,655,-28,0
DTW,SEA,2008,2221,2221,0,0
DTW,SEA,1509,1710,1651,-19,0
ATL,SEA,1113,1351,1400,9,0
JFK,ATL,805,1040,1037,-3,0
JFK,ATL,1715,2002,1947,-15,0
ATL,MSP,1625,1814,1750,-24,0
DTW,ATL,1945,2157,2133,-24,0
SEA,DTW,700,1415,1406,-9,0
MSP,ATL,1629,1959,1958,-1,0
ATL,DTW,1200,1401,1335,-26,0
ATL,SEA,1920,2201,2151,-10,0
DTW,JFK,2000,2157,2141,-16,0
ATL,SEA,1350,1624,1640,16,1
SEA,ATL,2314,644,623,-21,0
DTW,MSP,834,941,925,-16,0
MSP,ATL,905,1232,1315,43,1
DTW,JFK,2000,2157,2244,47,1
MSP,SEA,1405,1552,1534,-18,0
SEA,JFK,2305,721,647,-34,0
DTW,SEA,2015,2226,2247,21,1
ATL,DTW,725,922,919,-3,0
SEA,ATL,1450,2232,2236,4,0
SEA,ATL,1055,1838,1822,-16,0
JFK,ATL,1930,2211,2148,-23,0
ATL,DTW,1915,2116,2102,-14,0
ATL,JFK,1935,2204,2235,31,1
MSP,SEA,1933,2125,2139,14,0
JFK,MSP,1129,1344,1322,-22,0
MSP,ATL,1315,1649,1637,-12,0
MSP,DTW,1152,1434,1422,-12,0
DTW,ATL,1520,1731,1719,-12,0
MSP,JFK,1755,2147,2149,2,0
SEA,JFK,700,1515,1454,-21,0
ATL,DTW,2053,2249,2237,-12,0
MSP,ATL,1732,2105,2039,-26,0
DTW,SEA,840,1100,1040,-20,0
JFK,ATL,1715,2003,1948,-15,0
JFK,SEA,700,1020,1038,18,1
ATL,MSP,1205,1354,1556,122,1
MSP,SEA,910,1100,1056,-4,0
MSP,ATL,1005,1334,1322,-12,0
SEA,MSP,1315,1837,1832,-5,0
DTW,MSP,1210,1313,1251,-22,0
MSP,ATL,525,853,843,-10,0
ATL,MSP,1735,1922,1901,-21,0
MSP,SEA,1350,1537,1534,-3,0
ATL,JFK,810,1025,1008,-17,0
SEA,MSP,35,547,531,-16,0
MSP,SEA,2015,2200,2204,4,0
MSP,ATL,1315,1646,1628,-18,0
DTW,MSP,1540,1647,1623,-24,0
JFK,ATL,1325,1600,1603,3,0
JFK,ATL,1715,2002,2025,23,1
ATL,JFK,1205,1421,1409,-12,0
SEA,MSP,1112,1632,1629,-3,0
MSP,ATL,1005,1333,1329,-4,0
SEA,DTW,700,1415,1408,-7,0
MSP,ATL,1629,1959,1939,-20,0
ATL,JFK,2205,22,2359,-23,0
DTW,MSP,1200,1300,1257,-3,0
ATL,DTW,1635,1839,1836,-3,0
SEA,ATL,830,1614,1559,-15,0
DTW,SEA,1215,1430,1406,-24,0
ATL,JFK,2205,25,20,-5,0
DTW,SEA,2008,2221,2227,6,0
ATL,MSP,1350,1540,1527,-13,0
DTW,ATL,1627,1840,1851,11,0
SEA,DTW,2300,615,610,-5,0
DTW,MSP,1200,1303,1410,67,1
MSP,ATL,729,1104,1054,-10,0
DTW,JFK,2000,2159,2151,-8,0
ATL,MSP,835,1020,1025,5,0
MSP,DTW,1951,2234,2210,-24,0
MSP,ATL,1625,1956,1939,-17,0
DTW,MSP,1735,1843,1828,-15,0
ATL,DTW,1200,1404,1404,0,0
ATL,SEA,1920,2205,2146,-19,0
MSP,DTW,830,1114,1059,-15,0
ATL,DTW,1735,1934,1920,-14,0
ATL,SEA,1350,1625,1620,-5,0
DTW,MSP,1345,1444,1426,-18,0
DTW,MSP,705,824,1119,175,1
JFK,DTW,909,1123,1102,-21,0
MSP,DTW,1530,1814,1813,-1,0
DTW,ATL,1454,1706,1706,0,0
JFK,ATL,820,1055,1124,29,1
JFK,SEA,1825,2151,2117,-34,0
ATL,MSP,1205,1353,1354,1,0
MSP,DTW,1150,1431,1420,-11,0
ATL,JFK,1745,2012,2019,7,0
MSP,ATL,1939,2303,2246,-17,0
JFK,ATL,1930,2208,56,168,1
ATL,SEA,1630,1909,1912,3,0
ATL,MSP,1754,1943,1938,-5,0
MSP,SEA,1130,1322,1335,13,0
ATL,MSP,2215,2357,2357,0,0
ATL,DTW,1915,2117,2110,-7,0
SEA,MSP,35,550,538,-12,0
MSP,SEA,1933,2125,2121,-4,0
JFK,DTW,909,1123,1216,53,1
MSP,ATL,1732,2105,2046,-19,0
DTW,MSP,1540,1649,1628,-21,0
JFK,ATL,1501,1750,1715,-35,0
JFK,ATL,610,850,932,42,1
JFK,SEA,1615,1945,1907,-38,0
SEA,MSP,1105,1627,1643,16,1
MSP,SEA,1415,1603,1602,-1,0
DTW,ATL,1015,1229,1159,-30,0
DTW,SEA,1505,1710,1708,-2,0
ATL,SEA,1113,1351,1419,28,1
MSP,ATL,525,857,853,-4,0
DTW,ATL,1015,1229,1151,-38,0
DTW,SEA,1505,1710,1651,-19,0
ATL,SEA,1113,1351,1353,2,0
ATL,DTW,725,922,911,-11,0
SEA,ATL,1450,2232,2214,-18,0
SEA,ATL,1055,1838,1824,-14,0
MSP,JFK,1755,2149,2118,-31,0
JFK,ATL,1930,2211,2150,-21,0
DTW,ATL,1205,1417,1353,-24,0
SEA,ATL,1055,1838,1825,-13,0
MSP,JFK,1755,2149,2127,-22,0
SEA,JFK,700,1515,1505,-10,0
MSP,ATL,525,857,855,-2,0
ATL,MSP,1754,1943,1953,10,0
MSP,SEA,1130,1322,1305,-17,0
ATL,MSP,2215,2357,2348,-9,0
ATL,MSP,1915,2108,2109,1,0
SEA,MSP,35,550,523,-27,0
ATL,MSP,730,914,910,-4,0
MSP,SEA,701,855,838,-17,0
DTW,MSP,834,945,913,-32,0
DTW,MSP,1958,2102,2042,-20,0
MSP,ATL,1500,1833,1913,40,1
MSP,DTW,830,1114,1059,-15,0
ATL,MSP,1625,1817,1826,9,0
ATL,DTW,915,1110,1107,-3,0
MSP,ATL,620,948,948,0,0
DTW,ATL,1900,2114,2103,-11,0
ATL,JFK,1515,1747,1719,-28,0
DTW,ATL,1345,1558,1534,-24,0
SEA,DTW,2300,615,617,2,0
DTW,MSP,1210,1313,1342,29,1
ATL,DTW,1620,1824,1815,-9,0
ATL,DTW,1341,1542,1608,26,1
ATL,JFK,1000,1213,1206,-7,0
DTW,MSP,1958,2102,2144,42,1
MSP,ATL,1500,1831,1834,3,0
MSP,DTW,830,1114,1053,-21,0
ATL,DTW,1735,1934,1936,2,0
ATL,SEA,1350,1625,1620,-5,0
DTW,MSP,1345,1444,1427,-17,0
DTW,MSP,705,824,819,-5,0
SEA,MSP,815,1336,1336,0,0
MSP,ATL,905,1234,1236,2,0
MSP,ATL,1732,2105,2145,40,1
SEA,ATL,2316,653,659,6,0
DTW,ATL,1015,1229,1233,4,0
DTW,SEA,1505,1710,1651,-19,0
ATL,SEA,1113,1351,1328,-23,0
ATL,DTW,725,922,906,-16,0
SEA,ATL,1450,2232,2219,-13,0
DTW,ATL,835,1048,1036,-12,0
ATL,DTW,725,922,909,-13,0
SEA,ATL,1450,2232,2242,10,0
SEA,ATL,1055,1838,1848,10,0
MSP,JFK,1755,2149,2151,2,0
JFK,ATL,1930,2211,2237,26,1
DTW,ATL,1205,1417,1417,0,0
MSP,SEA,1933,2125,2140,15,1
JFK,MSP,1129,1344,1318,-26,0
ATL,MSP,1046,1230,1209,-21,0
MSP,DTW,1353,1637,1832,115,1
JFK,ATL,1325,1600,1546,-14,0
JFK,SEA,700,1020,1012,-8,0
ATL,MSP,1205,1354,1423,29,1
MSP,SEA,910,1100,1256,116,1
MSP,ATL,1005,1334,1406,32,1
SEA,MSP,1315,1837,1832,-5,0
ATL,MSP,1046,1230,1220,-10,0
ATL,DTW,1456,1655,1650,-5,0
ATL,JFK,1000,1213,1208,-5,0
SEA,JFK,1110,1930,1935,5,0
DTW,MSP,705,824,806,-18,0
SEA,MSP,1530,2048,2035,-13,0
ATL,SEA,1113,1351,1339,-12,0
MSP,ATL,525,857,907,10,0
ATL,MSP,1754,1943,1921,-22,0
ATL,DTW,2210,5,2351,-14,0
SEA,MSP,645,1204,1158,-6,0
SEA,JFK,2305,723,712,-11,0
DTW,SEA,2008,2221,2223,2,0
SEA,MSP,815,1337,1327,-10,0
MSP,ATL,905,1234,1657,263,1
ATL,MSP,1915,2108,2053,-15,0
SEA,DTW,1348,2104,2059,-5,0
SEA,DTW,940,1655,1647,-8,0
DTW,MSP,1001,1107,1041,-26,0
JFK,DTW,909,1120,1058,-22,0
MSP,ATL,1732,2103,2047,-16,0
DTW,MSP,1540,1647,1829,102,1
ATL,MSP,1625,1815,1832,17,1
DTW,ATL,1945,2157,2143,-14,0
SEA,MSP,1300,1822,1752,-30,0
MSP,ATL,1625,1955,1944,-11,0
MSP,SEA,1933,2125,2102,-23,0
JFK,MSP,1129,1344,1336,-8,0
ATL,DTW,2210,3,3,0,0
SEA,MSP,645,1201,1138,-23,0
ATL,MSP,1205,1351,1345,-6,0
DTW,SEA,1505,1709,1650,-19,0
MSP,ATL,525,853,848,-5,0
SEA,ATL,1450,2230,2243,13,0
DTW,ATL,600,817,754,-23,0
SEA,ATL,1055,1838,1822,-16,0
MSP,JFK,1755,2149,2137,-12,0
SEA,JFK,700,1515,1608,53,1
ATL,DTW,2053,2251,2310,19,1
DTW,MSP,1540,1648,1653,5,0
JFK,ATL,1715,2003,1956,-7,0
JFK,SEA,1825,2151,2106,-45,0
ATL,MSP,1625,1815,1801,-14,0
ATL,DTW,915,1110,1045,-25,0
MSP,DTW,1020,1304,1330,26,1
SEA,DTW,704,1419,1424,5,0
ATL,JFK,1515,1744,1808,24,1
DTW,ATL,1345,1555,1553,-2,0
ATL,DTW,1200,1404,1411,7,0
ATL,SEA,1920,2205,2137,-28,0
ATL,DTW,1620,1824,1802,-22,0
ATL,DTW,1735,1934,1913,-21,0
ATL,SEA,1350,1625,2017,232,1
ATL,SEA,1350,1625,1605,-20,0
DTW,MSP,1345,1444,1427,-17,0
DTW,MSP,705,824,816,-8,0
SEA,MSP,815,1336,1324,-12,0
MSP,ATL,905,1234,1236,2,0
SEA,MSP,35,547,534,-13,0
MSP,SEA,1940,2127,2137,10,0
MSP,ATL,1315,1646,1746,60,1
DTW,MSP,1540,1649,1634,-15,0
JFK,ATL,1100,1337,2127,470,1
MSP,DTW,635,921,911,-10,0
DTW,ATL,1740,1954,1914,-40,0
MSP,ATL,620,948,927,-21,0
DTW,ATL,1900,2114,2107,-7,0
MSP,ATL,1625,1956,1942,-14,0
DTW,MSP,1725,1833,1826,-7,0
DTW,MSP,1958,2102,2101,-1,0
MSP,ATL,1500,1833,1813,-20,0
MSP,DTW,830,1114,1048,-26,0
ATL,DTW,1735,1934,1943,9,0
DTW,MSP,1958,2102,2101,-1,0
MSP,ATL,1500,1833,1914,41,1
MSP,DTW,830,1114,1104,-10,0
ATL,DTW,2210,5,2349,-16,0
JFK,ATL,1815,2105,2110,5,0
MSP,DTW,1353,1636,1635,-1,0
JFK,ATL,1325,1600,1558,-2,0
JFK,MSP,1129,1344,1411,27,1
JFK,SEA,1615,1945,2020,35,1
SEA,MSP,1105,1627,1624,-3,0
ATL,MSP,2105,2256,2308,12,0
ATL,MSP,835,1020,1013,-7,0
MSP,DTW,1951,2234,2253,19,1
MSP,ATL,1625,1956,1950,-6,0
DTW,MSP,1735,1843,1847,4,0
MSP,ATL,1315,1649,1657,8,0
MSP,DTW,1530,1814,1756,-18,0
DTW,ATL,1454,1706,1656,-10,0
JFK,ATL,1715,2003,1941,-22,0
JFK,SEA,1825,2151,2139,-12,0
ATL,MSP,1625,1816,1801,-15,0
ATL,DTW,915,1110,1106,-4,0
MSP,ATL,620,948,957,9,0
DTW,ATL,1900,2114,2057,-17,0
ATL,JFK,1515,1744,1715,-29,0
DTW,ATL,1345,1558,1533,-25,0
SEA,DTW,2300,615,559,-16,0
DTW,MSP,1210,1313,1249,-24,0
ATL,DTW,1620,1824,1757,-27,0
ATL,DTW,1341,1542,1525,-17,0
MSP,SEA,1415,1603,1558,-5,0
SEA,JFK,1110,1930,1932,2,0
MSP,ATL,1125,1458,1609,71,1
SEA,ATL,1450,2232,2223,-9,0
DTW,ATL,835,1049,1037,-12,0
ATL,DTW,725,922,913,-9,0
SEA,ATL,1450,2232,2219,-13,0
SEA,ATL,1055,1838,1838,0,0
MSP,JFK,1755,2149,2201,12,0
ATL,DTW,1915,2116,2108,-8,0
JFK,ATL,1929,2211,2254,43,1
MSP,SEA,1933,2125,2148,23,1
JFK,DTW,909,1123,1125,2,0
ATL,DTW,2210,5,2354,-11,0
SEA,MSP,645,1204,1141,-23,0
DTW,SEA,1215,1430,1349,-41,0
SEA,ATL,2316,653,633,-20,0
DTW,MSP,834,945,929,-16,0
SEA,MSP,1530,2048,2048,0,0
MSP,DTW,1759,2044,2105,21,1
SEA,ATL,620,1404,1355,-9,0
DTW,ATL,1015,1229,1204,-25,0
DTW,SEA,1505,1710,1703,-7,0
ATL,SEA,1113,1351,1329,-22,0
ATL,DTW,725,922,910,-12,0
SEA,ATL,1450,2232,2214,-18,0
SEA,ATL,1055,1838,1849,11,0
MSP,JFK,1755,2149,2147,-2,0
SEA,ATL,1450,2232,2213,-19,0
SEA,ATL,1055,1838,1839,1,0
MSP,JFK,1755,2149,2130,-19,0
SEA,JFK,700,1515,1505,-10,0
DTW,ATL,1205,1417,1353,-24,0
DTW,MSP,1001,1107,1050,-17,0
MSP,SEA,701,855,847,-8,0
DTW,MSP,834,945,927,-18,0
DTW,SEA,840,1100,1035,-25,0
JFK,ATL,610,850,850,0,0
JFK,SEA,1615,1945,1915,-30,0
SEA,MSP,1105,1627,1604,-23,0
ATL,MSP,2105,2257,2238,-19,0
ATL,MSP,835,1020,1007,-13,0
DTW,ATL,720,946,920,-26,0
MSP,SEA,701,855,842,-13,0
MSP,DTW,1353,1637,1618,-19,0
JFK,ATL,1325,1602,1531,-31,0
JFK,SEA,700,1020,956,-24,0
ATL,MSP,1205,1354,1343,-11,0
MSP,SEA,910,1100,1224,84,1
MSP,ATL,1005,1334,1310,-24,0
SEA,MSP,1315,1837,1848,11,0
ATL,MSP,1350,1540,1525,-15,0
DTW,ATL,1627,1840,1829,-11,0
DTW,MSP,1345,1444,1431,-13,0
DTW,MSP,705,824,816,-8,0
SEA,MSP,815,1336,1334,-2,0
MSP,ATL,905,1234,1259,25,1
MSP,ATL,1125,1458,1443,-15,0
ATL,SEA,831,1109,1103,-6,0
SEA,MSP,815,1337,1315,-22,0
MSP,ATL,905,1234,1225,-9,0
MSP,ATL,1939,2306,2251,-15,0
MSP,JFK,700,1049,1026,-23,0
JFK,ATL,820,1055,1038,-17,0
MSP,SEA,1130,1322,1404,42,1
ATL,MSP,2215,2357,2341,-16,0
ATL,DTW,1915,2116,2054,-22,0
DTW,ATL,1205,1417,1400,-17,0
DTW,MSP,1200,1300,1243,-17,0
ATL,DTW,1620,1824,1813,-11,0
MSP,DTW,1951,2234,2223,-11,0
MSP,ATL,1625,1956,1946,-10,0
DTW,MSP,1735,1843,1837,-6,0
ATL,DTW,1200,1404,1344,-20,0
ATL,SEA,1920,2205,2216,11,0
ATL,DTW,1620,1824,1801,-23,0
ATL,DTW,1341,1542,1522,-20,0
MSP,SEA,1415,1603,1540,-23,0
SEA,JFK,1110,1930,1903,-27,0
SEA,ATL,620,1401,1344,-17,0
JFK,ATL,1930,2211,2143,-28,0
SEA,ATL,1055,1838,1901,23,1
MSP,JFK,1755,2149,2138,-11,0
SEA,JFK,700,1515,1507,-8,0
DTW,ATL,1205,1417,1355,-22,0
JFK,MSP,1610,1836,1800,-36,0
DTW,ATL,600,820,824,4,0
ATL,SEA,1350,1625,1612,-13,0
DTW,MSP,1345,1444,1435,-9,0
DTW,MSP,705,824,752,-32,0
SEA,MSP,1530,2048,2017,-31,0
MSP,DTW,1759,2044,2028,-16,0
MSP,ATL,1125,1458,1440,-18,0
ATL,SEA,831,1109,1055,-14,0
SEA,ATL,1055,1837,1818,-19,0
ATL,MSP,1930,2120,2057,-23,0
SEA,DTW,940,1652,1632,-20,0
ATL,MSP,730,912,918,6,0
MSP,DTW,1530,1814,1757,-17,0
JFK,ATL,1325,1600,1543,-17,0
JFK,ATL,1715,2003,1952,-11,0
ATL,JFK,1000,1211,1157,-14,0
DTW,MSP,1200,1300,1253,-7,0
ATL,DTW,1620,1824,1826,2,0
SEA,ATL,830,1613,1543,-30,0
SEA,JFK,1150,2008,1949,-19,0
DTW,SEA,2015,2226,2205,-21,0
SEA,MSP,1355,1915,1858,-17,0
DTW,ATL,835,1048,1020,-28,0
ATL,SEA,831,1109,1055,-14,0
MSP,SEA,1130,1322,1243,-39,0
ATL,MSP,2215,2357,2341,-16,0
SEA,JFK,700,1515,1448,-27,0
ATL,DTW,1913,2115,2100,-15,0
MSP,ATL,1315,1649,1653,4,0
DTW,ATL,720,946,913,-33,0
MSP,SEA,701,855,905,10,0
MSP,DTW,1530,1810,1748,-22,0
SEA,DTW,1145,1901,1853,-8,0
JFK,SEA,740,1053,1032,-21,0
JFK,SEA,1825,2146,2107,-39,0
ATL,MSP,1625,1814,1753,-21,0
DTW,ATL,1945,2157,2138,-19,0
SEA,MSP,1300,1822,1819,-3,0
ATL,JFK,1515,1747,1728,-19,0
ATL,DTW,2210,5,13,8,0
SEA,MSP,645,1204,1149,-15,0
SEA,ATL,2316,653,644,-9,0
DTW,ATL,1015,1229,1203,-26,0
DTW,SEA,1505,1710,1632,-38,0
ATL,SEA,1113,1351,1326,-25,0
MSP,ATL,525,857,849,-8,0
SEA,ATL,1450,2232,2222,-10,0
JFK,ATL,610,848,828,-20,0
ATL,MSP,1625,1815,1746,-29,0
ATL,DTW,915,1110,1057,-13,0
MSP,DTW,1020,1304,1246,-18,0
MSP,DTW,1951,2234,2216,-18,0
DTW,ATL,1345,1558,1530,-28,0
SEA,DTW,2300,615,549,-26,0
DTW,MSP,1200,1303,1227,-36,0
MSP,ATL,729,1104,1047,-17,0
DTW,JFK,2000,2159,2130,-29,0
ATL,JFK,2050,2314,2314,0,0
ATL,MSP,1455,1645,1651,6,0
DTW,ATL,2005,2219,2146,-33,0
MSP,SEA,1739,1928,1910,-18,0
ATL,DTW,2210,5,2349,-16,0
ATL,SEA,1115,1355,1323,-32,0
MSP,ATL,1129,1500,1437,-23,0
DTW,MSP,1750,1850,1912,22,1
ATL,MSP,1745,1931,1929,-2,0
MSP,SEA,1740,1929,1936,7,0
MSP,JFK,1731,2117,2106,-11,0
SEA,ATL,1045,1825,1822,-3,0
ATL,JFK,825,1038,1025,-13,0
MSP,SEA,1130,1322,1253,-29,0
ATL,MSP,2215,2357,2355,-2,0
ATL,DTW,1915,2116,2105,-11,0
SEA,DTW,940,1655,1704,9,0
DTW,ATL,720,946,946,0,0
MSP,ATL,1732,2105,2153,48,1
DTW,SEA,840,1100,1043,-17,0
JFK,ATL,805,1043,1038,-5,0
ATL,JFK,1205,1424,1417,-7,0
MSP,DTW,625,912,857,-15,0
DTW,ATL,1740,1954,1929,-25,0
ATL,MSP,835,1020,1007,-13,0
MSP,DTW,1951,2234,2325,51,1
MSP,ATL,525,857,849,-8,0
ATL,MSP,1754,1943,1948,5,0
MSP,SEA,1130,1322,1310,-12,0
ATL,MSP,2215,2357,2340,-17,0
ATL,MSP,1915,2108,2047,-21,0
SEA,MSP,35,550,627,37,1
JFK,MSP,1835,2059,2046,-13,0
DTW,ATL,600,820,842,22,1
ATL,JFK,810,1029,1001,-28,0
SEA,DTW,1348,2104,2042,-22,0
MSP,SEA,1933,2125,2128,3,0
JFK,DTW,909,1123,1110,-13,0
MSP,DTW,1530,1814,1813,-1,0
DTW,ATL,1454,1706,1647,-19,0
JFK,ATL,1501,1750,1749,-1,0
JFK,SEA,1825,2151,2135,-16,0
ATL,MSP,1205,1352,1353,1,0
MSP,SEA,910,1100,1100,0,0
MSP,DTW,1020,1305,1256,-9,0
SEA,DTW,700,1415,1410,-5,0
ATL,JFK,1515,1744,1830,46,1
DTW,ATL,1345,1558,1538,-20,0
ATL,DTW,915,1110,1118,8,0
MSP,ATL,620,948,943,-5,0
DTW,ATL,1900,2114,2055,-19,0
MSP,ATL,1625,1956,2024,28,1
DTW,MSP,1725,1833,1858,25,1
ATL,DTW,1200,1404,1434,30,1
ATL,SEA,1920,2205,2218,13,0
ATL,DTW,1620,1824,1801,-23,0
ATL,DTW,1341,1542,1549,7,0
SEA,DTW,1348,2104,2107,3,0
SEA,DTW,940,1655,1701,6,0
DTW,ATL,720,946,922,-24,0
MSP,ATL,1732,2105,2054,-11,0
DTW,SEA,840,1100,1118,18,1
JFK,ATL,1501,1750,1727,-23,0
JFK,SEA,700,1020,941,-39,0
ATL,MSP,1205,1353,1327,-26,0
MSP,SEA,910,1100,1039,-21,0
MSP,DTW,1020,1305,1253,-12,0
SEA,DTW,700,1415,1359,-16,0
ATL,JFK,1515,1744,1716,-28,0
DTW,ATL,1345,1558,1532,-26,0
SEA,DTW,2300,615,618,3,0
DTW,MSP,1200,1302,1242,-20,0
MSP,ATL,729,1104,1054,-10,0
DTW,JFK,2000,2159,2132,-27,0
MSP,DTW,833,1114,1103,-11,0
ATL,MSP,1745,1929,1915,-14,0
MSP,JFK,1731,2115,2124,9,0
DTW,ATL,600,813,754,-19,0
ATL,JFK,1615,1841,1816,-25,0
MSP,SEA,1925,2113,2056,-17,0
JFK,ATL,1755,2040,2045,5,0
MSP,DTW,1345,1620,1608,-12,0
JFK,ATL,1300,1538,1519,-19,0
JFK,SEA,1625,1951,1910,-41,0
MSP,SEA,910,1104,1054,-10,0
ATL,MSP,1630,1814,1810,-4,0
MSP,DTW,645,928,920,-8,0
DTW,SEA,2010,2215,2204,-11,0
MSP,DTW,1530,1803,1806,3,0
MSP,ATL,1910,2240,2222,-18,0
JFK,SEA,1845,2206,2144,-22,0
ATL,JFK,1740,2006,1949,-17,0
DTW,SEA,1540,1738,1705,-33,0
ATL,MSP,845,1024,1012,-12,0
ATL,MSP,1455,1640,1636,-4,0
MSP,DTW,1752,2033,2032,-1,0
SEA,ATL,1200,1944,1931,-13,0
SEA,JFK,1100,1914,1926,12,0
ATL,MSP,2201,2341,2332,-9,0
ATL,SEA,1620,1859,1847,-12,0
SEA,MSP,819,1335,1331,-4,0
MSP,ATL,1508,1835,1814,-21,0
ATL,MSP,1455,1638,1632,-6,0
DTW,SEA,2008,2221,2144,-37,0
SEA,MSP,815,1336,1318,-18,0
MSP,DTW,830,1114,1119,5,0
ATL,DTW,1735,1934,1938,4,0
SEA,ATL,830,1614,1607,-7,0
ATL,JFK,810,1029,1003,-26,0
SEA,DTW,1357,2110,2113,3,0
MSP,SEA,1933,2125,2331,126,1
JFK,DTW,909,1123,1108,-15,0
MSP,ATL,1732,2105,2116,11,0
DTW,MSP,1540,1649,1624,-25,0
JFK,ATL,1501,1750,1757,7,0
JFK,ATL,820,1055,1103,8,0
ATL,MSP,1205,1353,1320,-33,0
MSP,SEA,910,1100,1135,35,1
MSP,DTW,1020,1305,1318,13,0
SEA,DTW,700,1415,1402,-13,0
ATL,JFK,1515,1744,1751,7,0
DTW,ATL,1345,1558,1607,9,0
SEA,DTW,2300,615,621,6,0
DTW,MSP,1200,1302,1242,-20,0
MSP,ATL,729,1104,1129,25,1
ATL,MSP,835,1020,1014,-6,0
MSP,DTW,1951,2234,2217,-17,0
MSP,ATL,1625,1956,1953,-3,0
DTW,MSP,1735,1843,1905,22,1
ATL,DTW,1200,1404,1333,-31,0
ATL,SEA,1920,2205,2211,6,0
ATL,DTW,1620,1824,1805,-19,0
SEA,ATL,1450,2232,2246,14,0
SEA,ATL,1055,1838,1821,-17,0
MSP,JFK,1755,2149,2237,48,1
SEA,ATL,1450,2232,2219,-13,0
SEA,ATL,1055,1838,1850,12,0
MSP,JFK,1755,2149,2329,100,1
SEA,JFK,700,1515,1536,21,1
SEA,DTW,940,1655,1650,-5,0
DTW,MSP,1001,1107,1043,-24,0
JFK,DTW,909,1123,1123,0,0
MSP,DTW,1530,1814,1836,22,1
DTW,ATL,1454,1706,1939,153,1
JFK,ATL,610,850,847,-3,0
JFK,SEA,1615,1945,1910,-35,0
SEA,MSP,1135,1654,1655,1,0
ATL,MSP,2105,2257,2232,-25,0
ATL,MSP,730,914,854,-20,0
JFK,DTW,909,1123,1131,8,0
ATL,MSP,1046,1230,1222,-8,0
MSP,DTW,1353,1637,1614,-23,0
JFK,ATL,820,1055,1322,147,1
JFK,ATL,610,850,904,14,0
MSP,DTW,1152,1436,1538,62,1
ATL,JFK,1745,2014,2019,5,0
DTW,ATL,835,1049,1050,1,0
ATL,DTW,725,922,904,-18,0
SEA,ATL,1450,2232,2227,-5,0
MSP,SEA,1130,1322,1318,-4,0
ATL,MSP,2215,2357,2351,-6,0
ATL,SEA,1630,1912,1854,-18,0
ATL,DTW,1054,1253,1254,1,0
ATL,JFK,810,1029,1054,25,1
SEA,DTW,1357,2110,2053,-17,0
SEA,DTW,940,1655,1642,-13,0
DTW,MSP,1001,1107,1229,82,1
JFK,ATL,1930,2211,143,212,1
MSP,DTW,1620,1857,1851,-6,0
SEA,DTW,1151,1905,1903,-2,0
JFK,SEA,740,1053,1032,-21,0
JFK,SEA,1825,2146,2123,-23,0
ATL,MSP,1625,1816,1814,-2,0
MSP,ATL,620,945,936,-9,0
SEA,DTW,700,1415,1403,-12,0
MSP,ATL,1625,1955,1941,-14,0
ATL,DTW,1215,1417,1406,-11,0
ATL,SEA,1920,2201,2153,-8,0
DTW,JFK,2000,2157,2139,-18,0
ATL,SEA,1350,1624,1654,30,1
SEA,ATL,2314,644,640,-4,0
DTW,ATL,1025,1233,1215,-18,0
ATL,SEA,1113,1347,1357,10,0
ATL,DTW,2210,5,2354,-11,0
SEA,MSP,645,1204,1156,-8,0
SEA,JFK,2305,723,820,57,1
DTW,SEA,2008,2221,2216,-5,0
MSP,SEA,1415,1603,1540,-23,0
SEA,JFK,1110,1930,2354,264,1
SEA,ATL,620,1401,1353,-8,0
MSP,DTW,1152,1436,1533,57,1
ATL,JFK,1745,2014,2226,132,1
DTW,ATL,835,1049,1018,-31,0
ATL,DTW,725,922,912,-10,0
ATL,DTW,2210,4,2348,-16,0
JFK,SEA,1615,1945,2149,124,1
SEA,MSP,1133,1654,1639,-15,0
ATL,MSP,2105,2257,2236,-21,0
ATL,MSP,829,1015,1002,-13,0
MSP,DTW,1951,2234,2255,21,1
ATL,DTW,1456,1655,1641,-14,0
ATL,JFK,1000,1213,1225,12,0
DTW,MSP,1958,2102,2057,-5,0
MSP,ATL,1500,1833,1821,-12,0
MSP,DTW,830,1114,1110,-4,0
ATL,SEA,1630,1909,1942,33,1
ATL,MSP,2215,2357,2330,-27,0
SEA,JFK,700,1515,1456,-19,0
MSP,JFK,1540,1930,1923,-7,0
DTW,ATL,600,817,805,-12,0
DTW,MSP,834,941,927,-14,0
DTW,SEA,840,1058,1026,-32,0
JFK,ATL,1500,1746,1718,-28,0
JFK,ATL,1100,1334,1345,11,0
ATL,MSP,1205,1351,1328,-23,0
DTW,ATL,1740,1951,1944,-7,0
ATL,MSP,835,1020,955,-25,0
ATL,MSP,1350,1538,1510,-28,0
ATL,DTW,1456,1655,1637,-18,0
ATL,DTW,1200,1402,1354,-8,0
ATL,SEA,1920,2201,2135,-26,0
ATL,DTW,1620,1824,1805,-19,0
ATL,SEA,1350,1624,1601,-23,0
DTW,MSP,1345,1444,1421,-23,0
DTW,MSP,705,821,758,-23,0
ATL,JFK,1745,2012,2001,-11,0
MSP,ATL,1125,1457,1440,-17,0
ATL,MSP,1735,1922,1913,-9,0
JFK,MSP,1610,1833,1857,24,1
MSP,JFK,1755,2147,2127,-20,0
SEA,ATL,1055,1837,1815,-22,0
JFK,MSP,1610,1836,1847,11,0
DTW,ATL,600,820,750,-30,0
ATL,MSP,1915,2108,2043,-25,0
SEA,MSP,35,550,536,-14,0
MSP,SEA,1933,2125,2113,-12,0
JFK,MSP,810,1029,943,-46,0
MSP,ATL,1315,1649,1639,-10,0
MSP,DTW,1353,1637,1628,-9,0
MSP,ATL,525,853,836,-17,0
SEA,ATL,1450,2230,2215,-15,0
JFK,DTW,909,1122,1128,6,0
MSP,DTW,1353,1637,1626,-11,0
JFK,ATL,820,1055,1055,0,0
JFK,ATL,610,850,834,-16,0
JFK,SEA,1615,1945,1929,-16,0
SEA,MSP,1135,1654,1702,8,0
ATL,MSP,2105,2257,2241,-16,0
ATL,MSP,835,1021,1013,-8,0
MSP,DTW,1951,2234,2224,-10,0
MSP,ATL,1625,1956,2003,7,0
DTW,MSP,1735,1843,1838,-5,0
ATL,DTW,1200,1404,1335,-29,0
ATL,SEA,1920,2205,2208,3,0
ATL,DTW,1620,1824,1754,-30,0
ATL,DTW,1341,1542,1525,-17,0
ATL,JFK,1515,1744,1722,-22,0
DTW,ATL,1345,1555,1643,48,1
SEA,DTW,2300,615,552,-23,0
DTW,MSP,1210,1313,1301,-12,0
ATL,DTW,1620,1824,1818,-6,0
ATL,DTW,1341,1542,1554,12,0
MSP,SEA,1415,1603,1545,-18,0
SEA,JFK,1110,1930,1932,2,0
SEA,ATL,620,1401,1347,-14,0
DTW,ATL,1015,1229,1205,-24,0
DTW,SEA,1505,1710,1648,-22,0
ATL,SEA,1115,1353,1339,-14,0
MSP,ATL,525,857,838,-19,0
ATL,MSP,1750,1940,1919,-21,0
MSP,DTW,1348,1632,1612,-20,0
JFK,ATL,820,1055,1032,-23,0
JFK,ATL,610,850,858,8,0
ATL,JFK,1205,1424,1402,-22,0
MSP,DTW,625,912,905,-7,0
DTW,ATL,1740,1954,1943,-11,0
ATL,MSP,835,1020,1019,-1,0
MSP,DTW,1951,2234,2219,-15,0
ATL,DTW,1456,1655,1735,40,1
ATL,JFK,1000,1213,1200,-13,0
DTW,MSP,1958,2102,2107,5,0
MSP,ATL,1500,1831,1816,-15,0
MSP,DTW,830,1114,1100,-14,0
JFK,ATL,1501,1750,1729,-21,0
JFK,ATL,1715,2003,1951,-12,0
ATL,MSP,1205,1353,1336,-17,0
ATL,DTW,915,1110,1123,13,0
MSP,ATL,610,935,926,-9,0
DTW,ATL,1900,2114,2109,-5,0
MSP,DTW,1759,2044,2040,-4,0
MSP,ATL,525,857,852,-5,0
ATL,MSP,1739,1928,1920,-8,0
JFK,MSP,1835,2059,2023,-36,0
DTW,ATL,600,820,805,-15,0
ATL,MSP,1915,2108,2143,35,1
SEA,MSP,35,550,536,-14,0
ATL,MSP,730,914,903,-11,0
JFK,ATL,1930,2211,2153,-18,0
SEA,JFK,700,1515,1458,-17,0
SEA,DTW,940,1655,1653,-2,0
DTW,ATL,720,946,929,-17,0
MSP,SEA,701,855,907,12,0
ATL,DTW,1341,1542,1805,143,1
MSP,SEA,1415,1603,1558,-5,0
SEA,JFK,1110,1930,1920,-10,0
ATL,DTW,1341,1542,1541,-1,0
MSP,SEA,1415,1603,1548,-15,0
SEA,JFK,1110,1929,1937,8,0
SEA,ATL,620,1401,1335,-26,0
DTW,MSP,834,945,926,-19,0
SEA,MSP,1530,2048,2041,-7,0
MSP,DTW,1759,2044,2039,-5,0
MSP,ATL,1125,1458,1423,-35,0
DTW,MSP,830,946,918,-28,0
MSP,SEA,2150,2340,2344,4,0
JFK,SEA,700,1025,1019,-6,0
JFK,ATL,2020,2308,2315,7,0
SEA,MSP,1135,1655,1644,-11,0
MSP,ATL,1930,2300,2245,-15,0
ATL,MSP,1645,1835,1852,17,1
MSP,DTW,2000,2244,2235,-9,0
ATL,MSP,1941,2134,2346,132,1
DTW,SEA,1220,1439,1501,22,1
ATL,JFK,1000,1211,1202,-9,0
DTW,MSP,1203,1310,1345,35,1
ATL,JFK,1740,2007,1954,-13,0
ATL,DTW,1343,1545,1611,26,1
MSP,SEA,1415,1600,1605,5,0
SEA,MSP,650,1209,1138,-31,0
DTW,MSP,1345,1448,1442,-6,0
SEA,ATL,839,1622,1559,-23,0
SEA,JFK,700,1515,1504,-11,0
ATL,DTW,725,922,927,5,0
SEA,ATL,1450,2232,2332,60,1
MSP,SEA,1130,1322,1313,-9,0
ATL,MSP,2215,2357,2358,1,0
ATL,DTW,1915,2115,2105,-10,0
DTW,ATL,1205,1417,1358,-19,0
ATL,MSP,730,914,907,-7,0
JFK,ATL,1930,2211,2206,-5,0
MSP,DTW,1355,1640,1623,-17,0
DTW,ATL,1630,1847,1915,28,1
ATL,DTW,2053,2252,2247,-5,0
DTW,ATL,710,940,916,-24,0
MSP,SEA,659,854,902,8,0
SEA,MSP,815,1336,1314,-22,0
ATL,SEA,1050,1327,1342,15,1
ATL,JFK,1515,1745,1723,-22,0
MSP,JFK,656,1045,1014,-31,0
JFK,MSP,1825,2050,2043,-7,0
ATL,MSP,1459,1649,1651,2,0
DTW,ATL,600,824,805,-19,0
ATL,MSP,730,910,920,10,0
JFK,ATL,1930,2215,2224,9,0
DTW,SEA,830,1055,1056,1,0
JFK,ATL,1325,1609,1544,-25,0
JFK,ATL,820,1104,1123,19,1
ATL,JFK,1205,1424,1408,-16,0
ATL,DTW,915,1112,1100,-12,0
MSP,ATL,625,954,930,-24,0
ATL,DTW,1055,1255,1249,-6,0
ATL,MSP,1941,2134,2122,-12,0
DTW,SEA,1220,1439,1428,-11,0
ATL,MSP,1045,1230,1219,-11,0
ATL,SEA,1918,2204,2217,13,0
DTW,ATL,1900,2118,2055,-23,0
ATL,DTW,1735,1935,1917,-18,0
DTW,ATL,1525,1740,1800,20,1
JFK,ATL,610,852,840,-12,0
JFK,SEA,1629,2001,2027,26,1
DTW,ATL,2038,2254,2228,-26,0
ATL,MSP,1630,1820,1855,35,1
ATL,SEA,1349,1624,1627,3,0
DTW,JFK,2001,2154,2218,24,1
ATL,JFK,1000,1209,1211,2,0
DTW,MSP,1200,1304,1308,4,0
MSP,ATL,720,1053,1021,-32,0
DTW,ATL,1030,1248,1228,-20,0
DTW,MSP,1543,1655,1652,-3,0
JFK,ATL,1325,1609,1615,6,0
JFK,ATL,615,902,909,7,0
MSP,DTW,640,927,911,-16,0
DTW,ATL,1745,2003,2005,2,0
MSP,ATL,1625,1957,1958,1,0
ATL,DTW,1055,1255,1305,10,0
MSP,DTW,1759,2045,2101,16,1
MSP,DTW,830,1115,1109,-6,0
ATL,DTW,1215,1420,1409,-11,0
ATL,MSP,2105,2257,2336,39,1
MSP,ATL,720,1056,1059,3,0
ATL,DTW,1620,1825,1809,-16,0
MSP,ATL,1939,2306,2244,-22,0
SEA,JFK,1120,1935,1935,0,0
MSP,ATL,1740,2110,2040,-30,0
SEA,JFK,715,1530,1503,-27,0
SEA,ATL,1440,2215,2232,17,1
JFK,MSP,1610,1829,1844,15,1
JFK,ATL,820,1101,1110,9,0
MSP,SEA,1115,1307,1304,-3,0
SEA,ATL,2312,642,626,-16,0
JFK,DTW,1910,2132,2215,43,1
DTW,MSP,1005,1115,1137,22,1
ATL,DTW,1915,2115,2114,-1,0
SEA,JFK,2339,755,731,-24,0
SEA,ATL,615,1359,1327,-32,0
SEA,JFK,715,1532,1522,-10,0
MSP,ATL,905,1235,1235,0,0
SEA,ATL,1440,2215,2217,2,0
DTW,ATL,1454,1706,1714,8,0
JFK,ATL,610,850,828,-22,0
ATL,JFK,1205,1424,1406,-18,0
MSP,DTW,635,921,912,-9,0
DTW,ATL,1740,1954,1922,-32,0
MSP,DTW,1020,1304,1354,50,1
SEA,DTW,700,1415,1356,-19,0
ATL,MSP,1350,1540,1546,6,0
DTW,ATL,1627,1840,1814,-26,0
ATL,JFK,2050,2315,2325,10,0
ATL,MSP,1455,1645,1638,-7,0
DTW,ATL,2005,2219,2152,-27,0
ATL,MSP,2215,2357,2333,-24,0
DTW,ATL,1200,1416,1506,50,1
MSP,ATL,1747,2119,2138,19,1
SEA,JFK,715,1532,1505,-27,0
MSP,ATL,905,1235,1228,-7,0
SEA,ATL,1440,2215,2211,-4,0
MSP,JFK,1000,1346,1344,-2,0
DTW,ATL,1345,1602,1552,-10,0
JFK,MSP,1610,1843,1908,25,1
ATL,JFK,810,1028,1012,-16,0
ATL,DTW,2053,2252,2236,-16,0
ATL,SEA,1635,1918,1927,9,0
DTW,ATL,600,824,841,17,1
SEA,MSP,55,611,546,-25,0
ATL,MSP,730,913,904,-9,0
JFK,ATL,1935,2223,229,246,1
MSP,DTW,1355,1640,2140,300,1
DTW,ATL,1630,1847,1835,-12,0
JFK,SEA,700,1025,1002,-23,0
JFK,SEA,1859,2232,2343,71,1
ATL,DTW,915,1111,1123,12,0
ATL,MSP,1645,1835,1818,-17,0
ATL,DTW,1055,1255,1301,6,0
ATL,MSP,730,913,906,-7,0
JFK,ATL,1930,2218,2317,59,1
MSP,DTW,1355,1640,1621,-19,0
DTW,ATL,1630,1847,1811,-36,0
JFK,SEA,700,1025,1025,0,0
JFK,SEA,1859,2232,2237,5,0
SEA,MSP,1135,1655,1635,-20,0
MSP,ATL,1930,2300,2232,-28,0
DTW,SEA,1520,1730,1735,5,0
ATL,MSP,830,1015,1023,8,0
ATL,DTW,1454,1655,1634,-21,0
SEA,DTW,1357,2114,2114,0,0
DTW,MSP,1955,2103,2034,-29,0
MSP,ATL,1507,1840,1814,-26,0
MSP,SEA,1740,1930,1930,0,0
ATL,DTW,2210,6,38,32,1
DTW,MSP,1725,1837,2028,111,1
SEA,JFK,1120,1938,1947,9,0
SEA,DTW,940,1655,1623,-32,0
DTW,SEA,2005,2222,2222,0,0
ATL,DTW,2210,6,9,3,0
DTW,MSP,1725,1837,1808,-29,0
SEA,JFK,1120,1938,1914,-24,0
SEA,DTW,940,1655,1626,-29,0
DTW,MSP,710,830,830,0,0
SEA,MSP,815,1336,1306,-30,0
ATL,SEA,1050,1327,1344,17,1
SEA,MSP,1530,2048,2026,-22,0
DTW,ATL,825,1040,1226,106,1
ATL,JFK,1515,1745,1851,66,1
MSP,JFK,656,1045,1049,4,0
ATL,MSP,1205,1354,1445,51,1
MSP,SEA,1130,1320,1327,7,0
ATL,JFK,810,1027,1014,-13,0
ATL,DTW,2053,2252,2255,3,0
ATL,SEA,1635,1918,1905,-13,0
DTW,ATL,600,824,807,-17,0
SEA,MSP,55,611,533,-38,0
ATL,MSP,730,910,912,2,0
JFK,DTW,908,1130,1104,-26,0
MSP,DTW,830,1115,1051,-24,0
ATL,DTW,1215,1420,1406,-14,0
ATL,MSP,2105,2257,2251,-6,0
MSP,ATL,720,1056,1037,-19,0
ATL,DTW,1620,1825,1825,0,0
ATL,SEA,1349,1628,1645,17,1
DTW,JFK,2001,2158,2157,-1,0
ATL,DTW,1215,1420,1430,10,0
ATL,MSP,2105,2257,2257,0,0
MSP,ATL,720,1056,1045,-11,0
ATL,DTW,1620,1825,1814,-11,0
SEA,ATL,839,1623,1608,-15,0
ATL,MSP,2215,2357,2345,-12,0
DTW,ATL,1200,1416,1402,-14,0
MSP,ATL,1747,2119,2043,-36,0
ATL,DTW,1620,1825,1931,66,1
SEA,ATL,839,1623,1601,-22,0
MSP,ATL,525,858,919,21,1
ATL,SEA,835,1114,1115,1,0
DTW,MSP,710,830,824,-6,0
SEA,MSP,815,1336,1321,-15,0
ATL,SEA,1050,1327,1334,7,0
MSP,ATL,1109,1443,1414,-29,0
MSP,DTW,1020,1305,1247,-18,0
ATL,MSP,1745,1935,1935,0,0
ATL,SEA,1635,1918,1905,-13,0
DTW,ATL,600,824,747,-37,0
SEA,MSP,55,611,543,-28,0
MSP,JFK,656,1045,1031,-14,0
DTW,ATL,1345,1602,1536,-26,0
ATL,SEA,1635,1918,1908,-10,0
DTW,ATL,600,824,748,-36,0
MSP,SEA,659,854,915,21,1
DTW,SEA,830,1055,1054,-1,0
JFK,ATL,1325,1609,1608,-1,0
JFK,ATL,820,1104,1101,-3,0
JFK,SEA,1629,2006,1927,-39,0
DTW,ATL,1745,2003,1939,-24,0
MSP,ATL,1625,1957,2002,5,0
ATL,DTW,1055,1255,1251,-4,0
DTW,ATL,710,940,912,-28,0
MSP,SEA,659,854,845,-9,0
DTW,MSP,1543,1655,1624,-31,0
JFK,ATL,1325,1609,1540,-29,0
JFK,MSP,1125,1345,1344,-1,0
SEA,MSP,1135,1655,1653,-2,0
MSP,ATL,1930,2300,2237,-23,0
ATL,MSP,1645,1835,1816,-19,0
MSP,DTW,2000,2244,2225,-19,0
ATL,MSP,1941,2134,2127,-7,0
DTW,SEA,1220,1439,1419,-20,0
ATL,JFK,1000,1211,1210,-1,0
DTW,MSP,1203,1310,1255,-15,0
ATL,JFK,1740,2007,2008,1,0
ATL,MSP,830,1015,958,-17,0
ATL,DTW,1509,1711,1653,-18,0
ATL,JFK,1000,1209,1216,7,0
ATL,SEA,1918,2200,2144,-16,0
DTW,MSP,1005,1115,1058,-17,0
ATL,DTW,1915,2115,2106,-9,0
SEA,JFK,2339,755,751,-4,0
DTW,SEA,2005,2222,2226,4,0
MSP,DTW,1200,1445,1433,-12,0
SEA,DTW,2245,602,531,-31,0
DTW,ATL,2005,2223,2202,-21,0
ATL,DTW,725,920,928,8,0
MSP,DTW,830,1115,1109,-6,0
ATL,JFK,1000,1211,1209,-2,0
DTW,MSP,1203,1309,1239,-30,0
ATL,JFK,1740,2007,1958,-9,0
ATL,DTW,1343,1545,1527,-18,0
MSP,SEA,1415,1600,1541,-19,0
SEA,MSP,650,1209,1151,-18,0
DTW,MSP,1345,1448,1414,-34,0
SEA,ATL,615,1359,1326,-33,0
ATL,DTW,2053,2252,2237,-15,0
JFK,SEA,1859,2232,2230,-2,0
JFK,ATL,1930,2218,2212,-6,0
DTW,SEA,830,1052,1038,-14,0
JFK,ATL,1534,1828,1806,-22,0
ATL,JFK,1205,1421,1448,27,1
ATL,DTW,915,1110,1130,20,1
MSP,ATL,1625,1956,1953,-3,0
MSP,ATL,1110,1442,1423,-19,0
ATL,SEA,835,1114,1051,-23,0
ATL,MSP,1205,1351,1336,-15,0
DTW,ATL,600,822,746,-36,0
SEA,MSP,100,612,555,-17,0
ATL,MSP,730,911,857,-14,0
MSP,SEA,659,851,829,-22,0
DTW,MSP,1543,1655,1633,-22,0
DTW,ATL,1630,1847,1814,-33,0
JFK,ATL,820,1104,1041,-23,0
JFK,SEA,1629,2006,1933,-33,0
ATL,DTW,915,1112,1100,-12,0
MSP,ATL,625,954,934,-20,0
MSP,ATL,1005,1335,1321,-14,0
ATL,SEA,1349,1628,1631,3,0
DTW,MSP,1543,1655,1650,-5,0
ATL,DTW,2210,5,2358,-7,0
SEA,MSP,650,1206,1141,-25,0
SEA,JFK,2339,753,719,-34,0
SEA,ATL,615,1356,1337,-19,0
SEA,MSP,1530,2042,2035,-7,0
SEA,MSP,1530,2048,2037,-11,0
DTW,ATL,825,1040,1021,-19,0
ATL,JFK,1510,1740,1715,-25,0
MSP,JFK,656,1045,1028,-17,0
DTW,ATL,1345,1602,1527,-35,0
JFK,MSP,1610,1843,1816,-27,0
MSP,JFK,1740,2130,2114,-16,0
SEA,DTW,710,1430,1405,-25,0
DTW,ATL,1015,1233,1208,-25,0
JFK,ATL,1325,1609,1549,-20,0
JFK,ATL,820,1104,1040,-24,0
JFK,SEA,1629,2006,1927,-39,0
ATL,DTW,915,1112,1109,-3,0
MSP,ATL,639,1008,1014,6,0
MSP,ATL,1005,1335,1335,0,0
ATL,SEA,1349,1628,1628,0,0
DTW,JFK,2001,2158,2136,-22,0
ATL,JFK,2050,2313,2308,-5,0
DTW,MSP,1955,2103,2039,-24,0
MSP,ATL,1507,1840,1827,-13,0
MSP,SEA,1740,1930,1917,-13,0
ATL,DTW,2210,6,2347,-19,0
DTW,SEA,1220,1439,1408,-31,0
ATL,JFK,1000,1211,1242,31,1
DTW,MSP,1203,1310,1249,-21,0
ATL,JFK,1740,2007,2000,-7,0
ATL,DTW,1343,1545,1527,-18,0
MSP,SEA,1415,1600,1537,-23,0
ATL,DTW,1915,2115,2147,32,1
SEA,JFK,2339,755,739,-16,0
DTW,MSP,710,830,803,-27,0
MSP,SEA,1415,1600,1534,-26,0
SEA,MSP,650,1209,1150,-19,0
DTW,MSP,1345,1448,1422,-26,0
DTW,MSP,830,946,911,-35,0
MSP,SEA,2150,2340,2318,-22,0
SEA,MSP,1530,2048,2029,-19,0
DTW,ATL,825,1040,1015,-25,0
ATL,JFK,1515,1745,1730,-15,0
MSP,JFK,656,1045,1015,-30,0
DTW,ATL,1345,1602,1541,-21,0
JFK,MSP,1610,1843,1829,-14,0
MSP,DTW,1355,1640,1704,24,1
DTW,ATL,1630,1847,1906,19,1
JFK,SEA,700,1025,948,-37,0
JFK,MSP,1125,1345,1334,-11,0
SEA,MSP,1135,1655,1654,-1,0
MSP,ATL,1930,2300,2245,-15,0
DTW,SEA,1520,1730,1741,11,0
ATL,MSP,830,1015,957,-18,0
JFK,MSP,1130,1349,1321,-28,0
JFK,SEA,1859,2232,2200,-32,0
ATL,JFK,810,1027,1014,-13,0
ATL,DTW,2053,2252,2231,-21,0
DTW,ATL,710,940,1001,21,1
JFK,SEA,1859,2232,2200,-32,0
DTW,SEA,830,1055,1019,-36,0
JFK,ATL,820,1104,1115,11,0
JFK,MSP,1125,1345,1325,-20,0
MSP,DTW,640,927,924,-3,0
DTW,ATL,1745,2003,2000,-3,0
MSP,ATL,1930,2258,2249,-9,0
MSP,DTW,2000,2244,2232,-12,0
ATL,MSP,1941,2134,2109,-25,0
DTW,MSP,1725,1837,1832,-5,0
SEA,JFK,1120,1940,2021,41,1
SEA,DTW,940,1655,1658,3,0
DTW,SEA,2005,2222,2206,-16,0
MSP,DTW,1200,1445,1500,15,1
SEA,DTW,2245,602,558,-4,0
DTW,ATL,825,1040,1035,-5,0
ATL,JFK,1505,1735,1722,-13,0
MSP,JFK,656,1045,1051,6,0
ATL,MSP,1205,1354,1324,-30,0
MSP,SEA,1130,1320,1254,-26,0
ATL,JFK,810,1027,1002,-25,0
ATL,DTW,2053,2252,2231,-21,0
DTW,ATL,710,940,925,-15,0
DTW,ATL,600,824,810,-14,0
JFK,DTW,908,1130,1109,-21,0
DTW,MSP,830,946,913,-33,0
DTW,SEA,830,1055,1010,-45,0
JFK,ATL,1534,1830,1803,-27,0
JFK,MSP,1125,1345,1331,-14,0
SEA,MSP,1135,1655,1647,-8,0
MSP,ATL,1930,2300,2238,-22,0
ATL,MSP,1635,1826,1804,-22,0
MSP,DTW,2000,2244,2229,-15,0
DTW,ATL,825,1040,1132,52,1
ATL,JFK,1515,1745,1732,-13,0
MSP,JFK,656,1045,1047,2,0
ATL,MSP,1205,1354,1401,7,0
MSP,SEA,1130,1323,1254,-29,0
SEA,DTW,2245,602,544,-18,0
DTW,ATL,2005,2223,2202,-21,0
ATL,DTW,725,920,938,18,1
ATL,MSP,1349,1540,1520,-20,0
ATL,MSP,1459,1649,1634,-15,0
SEA,ATL,1045,1828,1811,-17,0
SEA,ATL,2312,645,637,-8,0
SEA,MSP,1315,1834,1830,-4,0
DTW,MSP,1005,1115,1039,-36,0
ATL,DTW,1915,2115,2058,-17,0
SEA,ATL,615,1359,1342,-17,0
SEA,JFK,715,1532,1527,-5,0
ATL,DTW,1454,1655,1643,-12,0
ATL,JFK,2050,2313,2306,-7,0
ATL,MSP,2105,2257,2232,-25,0
MSP,ATL,720,1056,1032,-24,0
ATL,DTW,1620,1825,1806,-19,0
SEA,ATL,839,1623,1558,-25,0
ATL,MSP,2215,2357,2342,-15,0
DTW,ATL,1200,1416,1419,3,0
MSP,ATL,1747,2119,2111,-8,0
DTW,MSP,710,830,805,-25,0
ATL,MSP,1205,1354,1503,69,1
MSP,SEA,1130,1320,1553,153,1
ATL,JFK,1935,2202,2208,6,0
SEA,JFK,2339,755,726,-29,0
DTW,SEA,2005,2222,2146,-36,0
MSP,DTW,1200,1445,1426,-19,0
SEA,DTW,2245,602,544,-18,0
DTW,ATL,2005,2223,205,222,1
ATL,DTW,725,920,1022,62,1
ATL,MSP,1349,1540,1518,-22,0
ATL,DTW,1215,1418,1418,0,0
DTW,MSP,1209,1313,1253,-20,0
MSP,ATL,720,1053,1027,-26,0
SEA,ATL,839,1622,1604,-18,0
ATL,DTW,1915,2114,2115,1,0
SEA,DTW,1006,1719,1658,-21,0
DTW,SEA,2005,2217,2151,-26,0
ATL,SEA,1050,1323,1302,-21,0
DTW,JFK,2001,2158,2147,-11,0
ATL,JFK,2050,2313,1,48,1
DTW,MSP,1955,2103,2046,-17,0
MSP,ATL,1507,1840,1824,-16,0
MSP,SEA,1740,1930,1910,-20,0
ATL,DTW,2210,6,3,-3,0
ATL,MSP,1455,1645,1626,-19,0
SEA,ATL,1045,1827,1805,-22,0
SEA,DTW,710,1427,1413,-14,0
DTW,ATL,710,937,853,-44,0
DTW,MSP,830,946,914,-32,0
DTW,SEA,830,1055,1022,-33,0
JFK,ATL,1325,1609,1536,-33,0
JFK,ATL,615,902,827,-35,0
ATL,JFK,1205,1424,1430,6,0
MSP,SEA,850,1042,1054,12,0
MSP,ATL,1305,1640,1618,-22,0
DTW,SEA,1520,1730,1704,-26,0
ATL,MSP,830,1015,955,-20,0
ATL,DTW,1454,1655,1642,-13,0
ATL,JFK,2050,2313,2257,-16,0
JFK,SEA,700,1025,954,-31,0
JFK,SEA,1629,2006,1953,-13,0
ATL,DTW,915,1112,1115,3,0
ATL,DTW,2053,2252,2256,4,0
JFK,SEA,1859,2232,2152,-40,0
JFK,ATL,1930,2218,2207,-11,0
DTW,SEA,830,1052,1015,-37,0
JFK,ATL,1715,2009,1914,-55,0
ATL,JFK,1205,1421,1426,5,0
ATL,DTW,915,1110,1110,0,0
MSP,ATL,1625,1956,1944,-12,0
ATL,MSP,830,1015,959,-16,0
ATL,DTW,1509,1711,1709,-2,0
ATL,MSP,1045,1230,1209,-21,0
ATL,SEA,1918,2204,2145,-19,0
DTW,ATL,1900,2118,2042,-36,0
ATL,DTW,1735,1935,1937,2,0
DTW,MSP,1000,1111,1049,-22,0
ATL,DTW,1915,2115,2106,-9,0
SEA,JFK,2339,755,729,-26,0
DTW,SEA,2005,2222,2201,-21,0
MSP,DTW,1152,1437,1440,3,0
ATL,SEA,1050,1327,1428,61,1
ATL,JFK,1515,1743,1730,-13,0
ATL,MSP,1349,1537,1521,-16,0
DTW,ATL,2005,2223,2150,-33,0
ATL,DTW,725,920,917,-3,0
ATL,MSP,1349,1540,1514,-26,0
ATL,SEA,1635,1918,1911,-7,0
DTW,ATL,600,824,742,-42,0
SEA,MSP,55,611,553,-18,0
ATL,MSP,730,913,852,-21,0
JFK,DTW,908,1130,1106,-24,0
DTW,MSP,1543,1655,1635,-20,0
SEA,ATL,2312,645,631,-14,0
SEA,MSP,1315,1834,1848,14,0
DTW,ATL,710,940,910,-30,0
MSP,ATL,1305,1640,1613,-27,0
DTW,SEA,1520,1730,1711,-19,0
ATL,MSP,830,1015,1025,10,0
ATL,DTW,1454,1655,1644,-11,0
SEA,DTW,1357,2114,2103,-11,0
ATL,MSP,1045,1230,1212,-18,0
ATL,SEA,1918,2204,2205,1,0
DTW,ATL,1900,2118,2033,-45,0
ATL,DTW,1735,1935,1922,-13,0
DTW,MSP,1005,1115,1042,-33,0
ATL,DTW,1915,2115,2113,-2,0
SEA,JFK,2339,755,724,-31,0
SEA,ATL,615,1359,1334,-25,0
SEA,JFK,715,1532,1506,-26,0
MSP,ATL,905,1235,1223,-12,0
SEA,ATL,1440,2215,2159,-16,0
MSP,ATL,525,858,832,-26,0
ATL,SEA,835,1114,1115,1,0
JFK,ATL,820,1104,1040,-24,0
JFK,MSP,1610,1843,1836,-7,0
MSP,JFK,1740,2130,2110,-20,0
SEA,DTW,710,1430,1511,41,1
DTW,ATL,1015,1233,1335,62,1
MSP,SEA,659,854,845,-9,0
DTW,SEA,830,1055,1100,5,0
JFK,ATL,1325,1609,1553,-16,0
JFK,MSP,1125,1345,1310,-35,0
SEA,MSP,1135,1655,1639,-16,0
MSP,ATL,1930,2300,2249,-11,0
ATL,MSP,1645,1835,1824,-11,0
MSP,DTW,2000,2244,2232,-12,0
ATL,MSP,1941,2134,2123,-11,0
DTW,SEA,1215,1430,1423,-7,0
SEA,ATL,2316,653,642,-11,0
DTW,MSP,834,945,950,5,0
SEA,MSP,1530,2048,2033,-15,0
SEA,JFK,2305,723,717,-6,0
DTW,SEA,2008,2221,2221,0,0
SEA,MSP,1530,2048,2027,-21,0
MSP,DTW,1759,2044,2039,-5,0
MSP,ATL,525,857,822,-35,0
ATL,MSP,1735,1925,1915,-10,0
MSP,SEA,1130,1322,1316,-6,0
ATL,MSP,2215,2357,2359,2,0
ATL,DTW,1915,2116,2118,2,0
DTW,SEA,1215,1430,1351,-39,0
SEA,ATL,2316,653,639,-14,0
DTW,ATL,1015,1229,1234,5,0
DTW,SEA,1505,1710,1640,-30,0
ATL,SEA,1113,1351,1348,-3,0
ATL,DTW,725,922,914,-8,0
MSP,ATL,1109,1443,1411,-32,0
MSP,DTW,1020,1305,1252,-13,0
DTW,ATL,1345,1602,1536,-26,0
MSP,DTW,830,1115,1134,19,1
ATL,DTW,1215,1420,1444,24,1
DTW,MSP,1203,1310,1306,-4,0
ATL,JFK,1740,2007,218,371,1
ATL,DTW,1343,1545,1607,22,1
ATL,JFK,1745,2014,1951,-23,0
MSP,ATL,1732,2105,2043,-22,0
DTW,SEA,840,1100,1032,-28,0
JFK,SEA,700,1020,951,-29,0
JFK,ATL,820,1055,1030,-25,0
MSP,DTW,635,921,917,-4,0
DTW,ATL,1740,1954,1924,-30,0
MSP,ATL,620,948,954,6,0
SEA,DTW,700,1415,1415,0,0
ATL,MSP,1350,1540,1526,-14,0
DTW,ATL,720,946,920,-26,0
MSP,SEA,701,855,831,-24,0
MSP,DTW,1353,1637,1940,183,1
JFK,ATL,1325,1600,1543,-17,0
JFK,MSP,1129,1344,1429,45,1
JFK,SEA,1615,1945,1919,-26,0
MSP,SEA,910,1100,1024,-36,0
MSP,DTW,1020,1305,1303,-2,0
SEA,DTW,700,1415,1406,-9,0
ATL,JFK,1515,1744,1737,-7,0
DTW,ATL,1345,1558,1540,-18,0
SEA,DTW,2300,615,557,-18,0
DTW,MSP,1210,1313,1332,19,1
ATL,DTW,1620,1824,1803,-21,0
ATL,DTW,1735,1934,1939,5,0
MSP,ATL,525,857,856,-1,0
ATL,MSP,1735,1925,1930,5,0
MSP,SEA,1130,1322,1248,-34,0
ATL,MSP,2215,2357,2339,-18,0
ATL,MSP,1915,2108,2047,-21,0
SEA,MSP,35,550,530,-20,0
MSP,SEA,1933,2125,2112,-13,0
DTW,MSP,1345,1444,1910,266,1
DTW,MSP,705,824,813,-11,0
MSP,DTW,1152,1436,1440,4,0
ATL,JFK,1745,2014,1945,-29,0
DTW,ATL,835,1049,1044,-5,0
MSP,JFK,700,1049,1019,-30,0
DTW,ATL,1627,1840,1816,-24,0
ATL,JFK,2050,2315,2304,-11,0
ATL,MSP,1455,1645,1625,-20,0
DTW,ATL,2005,2219,2154,-25,0
MSP,SEA,1739,1928,1911,-17,0
ATL,DTW,2210,5,2350,-15,0
SEA,MSP,645,1204,1159,-5,0
SEA,JFK,2305,723,655,-28,0
MSP,DTW,1200,1445,1439,-6,0
ATL,SEA,1050,1327,1324,-3,0
MSP,ATL,1109,1443,1451,8,0
MSP,DTW,1020,1305,1256,-9,0
MSP,DTW,1355,1640,1624,-16,0
DTW,ATL,1630,1847,1850,3,0
JFK,MSP,1125,1345,1319,-26,0
JFK,SEA,1629,2006,1932,-34,0
MSP,SEA,910,1104,1047,-17,0
MSP,ATL,625,954,954,0,0
ATL,DTW,1341,1541,1529,-12,0
DTW,ATL,1205,1415,1351,-24,0
DTW,MSP,2045,2145,2125,-20,0
ATL,MSP,730,913,904,-9,0
JFK,ATL,1613,1909,1833,-36,0
MSP,DTW,1355,1632,1614,-18,0
DTW,ATL,1452,1656,1648,-8,0
JFK,ATL,829,1115,1119,4,0
JFK,SEA,1600,1921,1919,-2,0
MSP,SEA,910,1051,1054,3,0
ATL,MSP,1645,1829,1813,-16,0
MSP,ATL,858,1229,1217,-12,0
ATL,DTW,1454,1653,1647,-6,0
ATL,MSP,2205,2344,2333,-11,0
MSP,DTW,2000,2244,2309,25,1
ATL,DTW,1454,1655,1700,5,0
SEA,DTW,1357,2114,2115,1,0
ATL,MSP,1045,1230,1222,-8,0
ATL,SEA,1918,2204,2143,-21,0
DTW,ATL,1900,2118,2209,51,1
ATL,DTW,1735,1935,2013,38,1
DTW,MSP,1005,1115,1044,-31,0
ATL,DTW,1915,2115,2351,156,1
SEA,JFK,2339,755,739,-16,0
DTW,SEA,2005,2222,2347,85,1
ATL,JFK,1745,2013,2016,3,0
MSP,ATL,630,958,947,-11,0
SEA,MSP,1520,2037,2015,-22,0
DTW,MSP,1730,1830,1819,-11,0
DTW,ATL,1906,2113,2126,13,0
ATL,SEA,1932,2205,2257,52,1
ATL,SEA,835,1114,1143,29,1
ATL,MSP,1459,1649,1643,-6,0
MSP,ATL,1932,2302,2235,-27,0
DTW,SEA,1521,1721,1659,-22,0
SEA,ATL,845,1631,1610,-21,0
SEA,DTW,1351,2111,2046,-25,0
ATL,DTW,1650,1851,1841,-10,0
ATL,DTW,2055,2254,2241,-13,0
SEA,MSP,1305,1825,1906,41,1
ATL,MSP,1500,1638,1642,4,0
JFK,SEA,1910,2231,2206,-25,0
MSP,DTW,1545,1823,2113,170,1
SEA,ATL,1205,1955,1933,-22,0
JFK,ATL,1559,1840,2001,81,1
JFK,ATL,1721,2007,2011,4,0
JFK,SEA,2030,2353,2348,-5,0
MSP,SEA,1115,1256,1233,-23,0
ATL,MSP,1645,1829,1830,1,0
ATL,MSP,830,1015,953,-22,0
ATL,MSP,1930,2113,2107,-6,0
ATL,MSP,2205,2344,2337,-7,0
ATL,JFK,2050,2321,33,72,1
ATL,SEA,1932,2205,2146,-19,0
MSP,JFK,1740,2130,2107,-23,0
SEA,MSP,55,611,559,-12,0
SEA,ATL,2300,642,635,-7,0
DTW,ATL,615,824,819,-5,0
ATL,JFK,1515,1739,1722,-17,0
MSP,SEA,710,854,845,-9,0
ATL,DTW,1650,1851,1902,11,0
ATL,MSP,736,914,916,2,0
ATL,DTW,1205,1407,1406,-1,0
JFK,ATL,1925,2210,2154,-16,0
DTW,SEA,835,1039,1034,-5,0
JFK,ATL,1559,1840,1904,24,1
ATL,JFK,1205,1427,1401,-26,0
JFK,SEA,700,1021,1000,-21,0
MSP,ATL,1515,1840,1835,-5,0
ATL,DTW,1341,1541,1543,2,0
DTW,ATL,1205,1415,1409,-6,0
DTW,MSP,2045,2145,2246,61,1
MSP,ATL,1734,2110,2051,-19,0
ATL,JFK,1030,1246,1243,-3,0
ATL,DTW,1341,1541,1553,12,0
DTW,ATL,1205,1415,1409,-6,0
DTW,MSP,2045,2145,2141,-4,0
SEA,DTW,710,1430,1359,-31,0
DTW,ATL,720,927,926,-1,0
SEA,JFK,2330,748,849,61,1
SEA,MSP,705,1224,1158,-26,0
MSP,ATL,1734,2108,2049,-19,0
SEA,ATL,635,1420,1400,-20,0
DTW,ATL,720,923,925,2,0
MSP,DTW,1615,1853,1839,-14,0
DTW,ATL,1452,1654,1653,-1,0
JFK,MSP,1120,1335,1256,-39,0
JFK,SEA,700,1019,949,-30,0
ATL,DTW,910,1104,1109,5,0
MSP,ATL,955,1321,1309,-12,0
MSP,JFK,905,1249,1228,-21,0
MSP,DTW,835,1114,1159,45,1
ATL,JFK,2050,2319,2257,-22,0
ATL,JFK,1030,1245,1235,-10,0
SEA,ATL,1205,1953,1934,-19,0
DTW,ATL,1205,1412,1832,260,1
ATL,SEA,824,1051,1050,-1,0
DTW,MSP,1005,1104,1056,-8,0
SEA,MSP,35,551,542,-9,0
SEA,DTW,939,1655,1627,-28,0
MSP,ATL,1515,1840,1823,-17,0
MSP,ATL,520,846,837,-9,0
MSP,SEA,1115,1256,1313,17,1
ATL,DTW,2055,2255,2327,32,1
SEA,MSP,1305,1825,1803,-22,0
ATL,MSP,1500,1638,1642,4,0
SEA,ATL,1442,2225,2156,-29,0
MSP,DTW,1355,1632,1755,83,1
DTW,ATL,1452,1656,1636,-20,0
JFK,ATL,829,1115,1112,-3,0
JFK,SEA,2030,2353,42,49,1
MSP,SEA,910,1051,1057,6,0
ATL,JFK,1745,2013,2026,13,0
MSP,ATL,630,958,948,-10,0
SEA,MSP,1520,2037,2032,-5,0
DTW,MSP,1730,1830,1938,68,1
DTW,ATL,1906,2113,2057,-16,0
MSP,ATL,520,845,829,-16,0
MSP,ATL,1932,2302,2244,-18,0
SEA,ATL,1040,1831,1809,-22,0
ATL,SEA,1309,1532,1526,-6,0
SEA,DTW,1351,2111,2041,-30,0
DTW,MSP,1350,1443,1448,5,0
SEA,MSP,1305,1825,1758,-27,0
ATL,DTW,1205,1407,1402,-5,0
JFK,DTW,910,1126,1215,49,1
MSP,DTW,1735,2016,2014,-2,0
SEA,JFK,1120,1945,1940,-5,0
SEA,JFK,740,1559,1554,-5,0
DTW,MSP,1000,1058,1037,-21,0
MSP,DTW,1145,1426,1408,-18,0
ATL,MSP,1345,1531,1518,-13,0
ATL,MSP,2105,2254,2251,-3,0
SEA,MSP,705,1224,1211,-13,0
MSP,ATL,1515,1839,1822,-17,0
MSP,ATL,1315,1644,1623,-21,0
MSP,ATL,1932,2300,2232,-28,0
DTW,ATL,1630,1833,1905,32,1
ATL,SEA,1309,1526,1527,1,0
SEA,DTW,1351,2108,2054,-14,0
ATL,SEA,1105,1334,1327,-7,0
MSP,SEA,1929,2112,2104,-8,0
MSP,ATL,858,1229,1213,-16,0
ATL,DTW,1454,1653,1652,-1,0
ATL,SEA,1515,1738,1715,-23,0
ATL,JFK,2050,2321,2257,-24,0
ATL,JFK,1030,1246,1248,2,0
ATL,DTW,1341,1541,1524,-17,0
DTW,ATL,1205,1415,1346,-29,0
DTW,MSP,2045,2145,2133,-12,0
MSP,ATL,1115,1439,1427,-12,0
MSP,JFK,655,1037,1024,-13,0
SEA,MSP,35,550,540,-10,0
SEA,DTW,939,1655,1648,-7,0
MSP,ATL,1505,1830,1917,47,1
MSP,ATL,1120,1444,1439,-5,0
MSP,JFK,655,1037,1026,-11,0
DTW,ATL,1626,1831,1816,-15,0
SEA,JFK,50,908,923,15,1
ATL,JFK,830,1049,1039,-10,0
ATL,SEA,1105,1334,1252,-42,0
MSP,DTW,1944,2223,2217,-6,0
DTW,JFK,2040,2234,2234,0,0
DTW,ATL,2035,2234,2226,-8,0
DTW,ATL,1626,1831,1810,-21,0
ATL,SEA,1309,1532,1511,-21,0
ATL,JFK,830,1049,1032,-17,0
DTW,MSP,1350,1443,1430,-13,0
MSP,ATL,1620,1952,1943,-9,0
ATL,MSP,1503,1641,1633,-8,0
SEA,ATL,1442,2225,2211,-14,0
DTW,SEA,835,1039,1006,-33,0
JFK,ATL,1559,1840,1827,-13,0
ATL,JFK,1205,1427,1435,8,0
MSP,DTW,635,918,900,-18,0
ATL,DTW,910,1106,1056,-10,0
ATL,DTW,1050,1248,1238,-10,0
MSP,ATL,1620,1952,1937,-15,0
ATL,MSP,1500,1638,1636,-2,0
SEA,ATL,1442,2229,2215,-14,0
MSP,DTW,1545,1823,1811,-12,0
SEA,ATL,1205,1955,1948,-7,0
JFK,ATL,610,845,846,1,0
JFK,SEA,1600,1921,1858,-23,0
SEA,MSP,1126,1647,1642,-5,0
DTW,ATL,1737,1943,1946,3,0
ATL,DTW,1050,1248,1232,-16,0
SEA,DTW,710,1430,1731,181,1
ATL,SEA,940,1210,1148,-22,0
MSP,JFK,655,1037,1024,-13,0
SEA,ATL,1040,1831,1821,-10,0
DTW,SEA,1215,1415,1350,-25,0
MSP,SEA,1115,1256,1229,-27,0
ATL,DTW,2055,2254,2228,-26,0
SEA,MSP,1305,1825,1821,-4,0
ATL,DTW,1205,1407,1447,40,1
JFK,DTW,910,1126,1109,-17,0
DTW,SEA,835,1039,1024,-15,0
JFK,ATL,1559,1840,1823,-17,0
ATL,JFK,1205,1427,1410,-17,0
ATL,DTW,2055,2254,2244,-10,0
SEA,MSP,1305,1825,1812,-13,0
ATL,MSP,1500,1638,1657,19,1
SEA,ATL,1442,2229,2213,-16,0
MSP,ATL,858,1229,1228,-1,0
ATL,DTW,1454,1653,1636,-17,0
DTW,ATL,1345,1550,1539,-11,0
MSP,DTW,1019,1259,1254,-5,0
ATL,MSP,1205,1345,1338,-7,0
JFK,SEA,700,1021,1041,20,1
ATL,SEA,1630,1903,1843,-20,0
ATL,MSP,1645,1829,1816,-13,0
ATL,MSP,830,1015,943,-32,0
ATL,MSP,1930,2113,2054,-19,0
ATL,MSP,2205,2344,2336,-8,0
ATL,JFK,2050,2321,2317,-4,0
ATL,JFK,1030,1246,1242,-4,0
ATL,DTW,1341,1541,1555,14,0
MSP,DTW,1735,2016,2027,11,0
SEA,JFK,1120,1945,1929,-16,0
ATL,JFK,1030,1246,1224,-22,0
ATL,DTW,1341,1541,1510,-31,0
MSP,ATL,1734,2110,2122,12,0
SEA,ATL,700,1449,1424,-25,0
ATL,DTW,1907,2106,2048,-18,0
SEA,MSP,805,1320,1319,-1,0
ATL,MSP,1345,1531,1456,-35,0
SEA,DTW,2300,618,624,6,0
ATL,DTW,725,917,920,3,0
ATL,SEA,824,1051,1030,-21,0
DTW,MSP,1005,1104,1056,-8,0
SEA,MSP,35,550,536,-14,0
SEA,DTW,939,1655,1658,3,0
MSP,ATL,1515,1840,1846,6,0
MSP,ATL,520,846,855,9,0
ATL,MSP,1800,1943,1934,-9,0
SEA,ATL,1040,1831,1824,-7,0
SEA,ATL,845,1631,1621,-10,0
SEA,DTW,1351,2111,2048,-23,0
DTW,SEA,835,1039,1045,6,0
JFK,ATL,1559,1840,1839,-1,0
ATL,JFK,1205,1427,1515,48,1
JFK,SEA,700,1021,1030,9,0
ATL,SEA,1630,1903,1843,-20,0
MSP,ATL,958,1326,1323,-3,0
MSP,ATL,858,1229,1232,3,0
ATL,DTW,1454,1653,1637,-16,0
DTW,ATL,1345,1550,1545,-5,0
MSP,DTW,1019,1259,1300,1,0
SEA,DTW,2300,618,611,-7,0
ATL,DTW,725,917,930,13,0
SEA,ATL,2300,642,643,1,0
DTW,ATL,615,823,802,-21,0
ATL,JFK,1515,1740,1714,-26,0
MSP,SEA,710,854,904,10,0
ATL,DTW,1650,1851,1824,-27,0
ATL,MSP,736,914,847,-27,0
ATL,DTW,1205,1407,1345,-22,0
JFK,DTW,910,1126,1105,-21,0
DTW,ATL,615,823,804,-19,0
MSP,SEA,1444,1625,1614,-11,0
MSP,ATL,730,1101,1054,-7,0
ATL,SEA,824,1051,1041,-10,0
DTW,MSP,1005,1104,1053,-11,0
SEA,MSP,35,550,530,-20,0
SEA,DTW,939,1655,1659,4,0
MSP,SEA,1444,1625,1613,-12,0
MSP,ATL,730,1101,1105,4,0
ATL,SEA,824,1051,1037,-14,0
DTW,MSP,1005,1104,1049,-15,0
SEA,MSP,35,550,539,-11,0
SEA,DTW,939,1655,1640,-15,0
MSP,ATL,1515,1840,1826,-14,0
MSP,ATL,1120,1444,1449,5,0
MSP,ATL,1932,2302,2256,-6,0
DTW,ATL,1906,2112,2103,-9,0
ATL,SEA,1932,2205,2218,13,0
SEA,DTW,710,1430,1409,-21,0
ATL,SEA,940,1210,1215,5,0
ATL,DTW,1907,2106,2131,25,1
SEA,MSP,845,1403,1351,-12,0
DTW,ATL,959,1159,1153,-6,0
SEA,DTW,2300,618,654,36,1
ATL,DTW,725,917,911,-6,0
SEA,ATL,2300,642,616,-26,0
DTW,ATL,615,823,801,-22,0
ATL,JFK,1515,1740,1739,-1,0
ATL,JFK,2050,2319,2251,-28,0
ATL,JFK,1030,1245,1228,-17,0
SEA,ATL,1205,1953,2024,31,1
MSP,DTW,1355,1632,1616,-16,0
DTW,ATL,1457,1700,1637,-23,0
JFK,ATL,829,1115,1110,-5,0
JFK,MSP,1120,1338,1314,-24,0
MSP,SEA,910,1051,1042,-9,0
ATL,JFK,1745,2013,2006,-7,0
MSP,ATL,630,958,949,-9,0
SEA,MSP,1520,2037,2011,-26,0
DTW,MSP,1730,1830,1804,-26,0
DTW,ATL,1906,2113,2054,-19,0
ATL,SEA,1932,2205,2128,-37,0
MSP,DTW,1944,2223,2201,-22,0
DTW,JFK,2040,2234,2214,-20,0
MSP,ATL,630,958,1005,7,0
MSP,JFK,905,1250,1248,-2,0
MSP,DTW,835,1116,1113,-3,0
ATL,MSP,1050,1230,1219,-11,0
ATL,SEA,1932,2205,2139,-26,0
MSP,SEA,1745,1930,1922,-8,0
ATL,DTW,2215,12,2400,-12,0
SEA,ATL,845,1631,1621,-10,0
SEA,DTW,1351,2111,2042,-29,0
DTW,MSP,1350,1443,1434,-9,0
MSP,ATL,1620,1952,1936,-16,0
ATL,MSP,1500,1638,1617,-21,0
JFK,ATL,1721,2007,1932,-35,0
MSP,DTW,1355,1632,1624,-8,0
JFK,ATL,1330,1605,1552,-13,0
JFK,SEA,1855,2215,2139,-36,0
SEA,MSP,1126,1645,1645,0,0
DTW,ATL,2035,2232,2223,-9,0
ATL,DTW,1050,1246,1239,-7,0
SEA,MSP,1545,2103,2108,5,0
ATL,MSP,2205,2343,2313,-30,0
DTW,MSP,710,812,738,-34,0
SEA,MSP,845,1403,1355,-8,0
MSP,ATL,1515,1840,1832,-8,0
MSP,ATL,1115,1439,1629,110,1
MSP,JFK,655,1037,1021,-16,0
DTW,ATL,1626,1831,1826,-5,0
MSP,ATL,1120,1443,1443,0,0
MSP,JFK,655,1036,1023,-13,0
JFK,ATL,829,1113,1100,-13,0
DTW,ATL,600,804,754,-10,0
ATL,JFK,1505,1728,1709,-19,0
MSP,SEA,705,847,826,-21,0
ATL,DTW,2055,2253,2254,1,0
SEA,MSP,1305,1824,1825,1,0
ATL,DTW,1205,1405,1343,-22,0
JFK,ATL,1925,2207,2150,-17,0
DTW,MSP,1545,1645,1628,-17,0
DTW,ATL,1452,1656,1646,-10,0
JFK,DTW,900,1119,1058,-21,0
JFK,SEA,1600,1921,1840,-41,0
MSP,DTW,635,919,907,-12,0
ATL,DTW,910,1106,1052,-14,0
MSP,SEA,1929,2114,2100,-14,0
JFK,MSP,810,1035,1008,-27,0
JFK,ATL,1721,2007,1950,-17,0
DTW,MSP,1545,1645,1633,-12,0
JFK,ATL,1330,1607,1552,-15,0
JFK,MSP,805,1030,1027,-3,0
JFK,SEA,700,1021,939,-42,0
ATL,SEA,1630,1903,1839,-24,0
ATL,MSP,1645,1829,1814,-15,0
MSP,DTW,1735,2016,2013,-3,0
DTW,MSP,2045,2145,2133,-12,0
MSP,ATL,1734,2110,2104,-6,0
SEA,ATL,630,1418,1402,-16,0
ATL,DTW,1807,2010,2007,-3,0
MSP,DTW,1735,2016,2009,-7,0
SEA,JFK,1120,1945,2007,22,1
SEA,JFK,740,1559,1600,1,0
DTW,ATL,720,927,944,17,1
SEA,JFK,2339,757,752,-5,0
SEA,MSP,705,1224,1205,-19,0
DTW,ATL,959,1159,1139,-20,0
SEA,DTW,2300,618,629,11,0
ATL,DTW,725,917,908,-9,0
ATL,SEA,824,1051,1043,-8,0
DTW,MSP,710,812,753,-19,0
MSP,DTW,1145,1426,1422,-4,0
MSP,ATL,858,1229,1214,-15,0
ATL,DTW,1454,1653,1644,-9,0
ATL,SEA,1515,1738,1723,-15,0
ATL,JFK,2050,2321,2314,-7,0
ATL,JFK,1030,1246,1234,-12,0
JFK,MSP,1120,1338,1308,-30,0
MSP,SEA,1115,1256,1232,-24,0
ATL,JFK,1745,2013,2000,-13,0
ATL,DTW,1050,1248,1239,-9,0
MSP,JFK,905,1250,1243,-7,0
MSP,DTW,835,1116,1114,-2,0
ATL,MSP,1050,1230,1225,-5,0
DTW,MSP,1205,1302,1245,-17,0
MSP,SEA,1745,1930,1915,-15,0
DTW,JFK,2040,2234,2216,-18,0
DTW,ATL,2035,2234,2215,-19,0
MSP,ATL,730,1101,1115,14,0
ATL,JFK,1030,1246,1236,-10,0
ATL,DTW,1341,1541,1519,-22,0
DTW,SEA,1215,1415,1339,-36,0
ATL,SEA,1105,1337,1334,-3,0
MSP,JFK,655,1037,1030,-7,0
DTW,ATL,1626,1831,1814,-17,0
SEA,JFK,50,908,913,5,0
ATL,JFK,1515,1740,1736,-4,0
ATL,SEA,1105,1334,1321,-13,0
MSP,SEA,1929,2114,2055,-19,0
DTW,MSP,829,928,906,-22,0
JFK,ATL,1721,2007,2011,4,0
DTW,MSP,829,928,947,19,1
DTW,SEA,835,1039,1013,-26,0
JFK,ATL,1559,1840,1812,-28,0
SEA,DTW,2300,618,614,-4,0
ATL,DTW,725,917,911,-6,0
SEA,ATL,2300,642,636,-6,0
ATL,DTW,2055,2254,2238,-16,0
SEA,MSP,1305,1825,1834,9,0
ATL,DTW,1205,1407,1400,-7,0
SEA,ATL,1442,2229,2213,-16,0
DTW,MSP,1545,1645,1634,-11,0
JFK,ATL,1330,1607,1539,-28,0
JFK,ATL,829,1115,1106,-9,0
JFK,SEA,700,1021,940,-41,0
ATL,SEA,1630,1903,1854,-9,0
MSP,ATL,958,1326,1312,-14,0
MSP,ATL,858,1229,1220,-9,0
ATL,DTW,1454,1653,1640,-13,0
DTW,ATL,1345,1550,1528,-22,0
DTW,ATL,1626,1831,1841,10,0
SEA,MSP,705,1224,1217,-7,0
DTW,ATL,959,1159,1136,-23,0
MSP,ATL,1120,1444,1436,-8,0
MSP,JFK,655,1037,1019,-18,0
SEA,ATL,1055,1846,1820,-26,0
DTW,SEA,1215,1415,1345,-30,0
DTW,SEA,835,1039,1012,-27,0
JFK,ATL,1559,1840,1843,3,0
JFK,SEA,1600,1921,1849,-32,0
MSP,DTW,635,918,918,0,0
ATL,DTW,910,1106,1055,-11,0
MSP,ATL,958,1326,1315,-11,0
MSP,ATL,858,1229,1209,-20,0
ATL,DTW,1454,1653,1700,7,0
DTW,ATL,1345,1550,1531,-19,0
MSP,DTW,1019,1259,1253,-6,0
ATL,MSP,1205,1345,1340,-5,0
ATL,DTW,1807,2010,2049,39,1
ATL,DTW,2215,12,2351,-21,0
MSP,SEA,1444,1625,1614,-11,0
SEA,JFK,1120,1945,1942,-3,0
SEA,DTW,710,1420,1420,0,0
ATL,SEA,940,1210,1206,-4,0
ATL,DTW,1907,2106,2052,-14,0
SEA,MSP,845,1403,1348,-15,0
DTW,ATL,959,1159,1143,-16,0
DTW,MSP,2045,2145,2135,-10,0
SEA,DTW,710,1430,1427,-3,0
ATL,SEA,940,1210,1155,-15,0
ATL,DTW,1907,2106,2111,5,0
SEA,MSP,845,1403,1355,-8,0
ATL,MSP,1345,1531,1512,-19,0
ATL,MSP,2105,2254,2232,-22,0
MSP,ATL,1315,1647,1643,-4,0
ATL,MSP,1800,1943,1939,-4,0
ATL,JFK,1515,1740,1734,-6,0
ATL,SEA,1105,1337,1335,-2,0
MSP,SEA,1929,2114,2053,-21,0
JFK,MSP,810,1035,1009,-26,0
JFK,ATL,1925,2210,2205,-5,0
JFK,SEA,1910,2231,205,214,1
DTW,MSP,1545,1645,1635,-10,0
JFK,ATL,1330,1607,1616,9,0
JFK,SEA,1910,2231,2311,40,1
JFK,SEA,2030,2353,2319,-34,0
MSP,SEA,1115,1256,1253,-3,0
ATL,JFK,1745,2013,2115,62,1
MSP,ATL,630,958,953,-5,0
MSP,SEA,910,1049,1117,28,1
MSP,ATL,730,1058,1120,22,1
ATL,SEA,824,1050,1034,-16,0
MSP,ATL,630,955,1013,18,1
SEA,JFK,2339,755,806,11,0
SEA,MSP,705,1221,1240,19,1
MSP,ATL,1515,1839,1921,42,1
MSP,ATL,520,844,913,29,1
JFK,MSP,810,1031,1119,48,1
ATL,MSP,736,914,900,-14,0
JFK,ATL,1925,2210,2149,-21,0
MSP,DTW,1615,1853,1855,2,0
DTW,ATL,1452,1654,1702,8,0
JFK,MSP,1120,1335,1255,-40,0
JFK,SEA,700,1019,933,-46,0
ATL,DTW,910,1104,1050,-14,0
MSP,ATL,950,1316,1332,16,1
MSP,JFK,905,1249,1257,8,0
MSP,DTW,835,1114,1121,7,0
ATL,JFK,2050,2319,2259,-20,0
ATL,JFK,1030,1245,1222,-23,0
SEA,ATL,1205,1953,1939,-14,0
MSP,SEA,1745,1930,1914,-16,0
ATL,DTW,2215,12,2355,-17,0
MSP,SEA,1444,1625,1625,0,0
SEA,JFK,1120,1945,1932,-13,0
MSP,ATL,858,1229,1224,-5,0
ATL,DTW,1454,1653,1637,-16,0
DTW,ATL,1345,1550,1524,-26,0
MSP,DTW,1019,1259,1307,8,0
ATL,MSP,1205,1345,1400,15,1
ATL,DTW,1807,2010,2016,6,0
MSP,DTW,1735,2016,2010,-6,0
DTW,MSP,2045,2145,2121,-24,0
SEA,DTW,710,1430,1416,-14,0
ATL,SEA,940,1210,1145,-25,0
ATL,DTW,1907,2106,2048,-18,0
SEA,ATL,1055,1844,1821,-23,0
ATL,DTW,1650,1849,1833,-16,0
ATL,MSP,736,912,847,-25,0
JFK,ATL,1721,2003,2047,44,1
DTW,MSP,829,925,859,-26,0
DTW,SEA,835,1039,1014,-25,0
JFK,ATL,1330,1607,1601,-6,0
JFK,ATL,610,845,826,-19,0
JFK,MSP,1120,1338,1314,-24,0
SEA,DTW,2300,618,603,-15,0
MSP,JFK,655,1037,1044,7,0
DTW,ATL,1626,1831,1807,-24,0
ATL,SEA,1309,1532,1517,-15,0
ATL,JFK,830,1049,1024,-25,0
ATL,DTW,2055,2255,2237,-18,0
SEA,MSP,1305,1825,1809,-16,0
ATL,DTW,1205,1407,1344,-23,0
MSP,DTW,1545,1823,1810,-13,0
SEA,ATL,1205,1955,1936,-19,0
DTW,SEA,1215,1415,1405,-10,0
MSP,SEA,710,854,849,-5,0
ATL,DTW,1650,1851,1849,-2,0
ATL,MSP,736,914,918,4,0
JFK,ATL,1925,2210,2338,88,1
JFK,MSP,805,1030,1031,1,0
JFK,SEA,1600,1921,1923,2,0
SEA,MSP,1126,1647,1628,-19,0
DTW,ATL,1737,1943,1920,-23,0
ATL,DTW,1050,1248,1247,-1,0
MSP,JFK,905,1250,1232,-18,0
ATL,DTW,1454,1653,1644,-9,0
ATL,SEA,1515,1738,1739,1,0
ATL,JFK,2050,2321,2314,-7,0
ATL,JFK,1030,1246,1232,-14,0
ATL,DTW,1341,1541,1536,-5,0
DTW,ATL,1205,1415,1340,-35,0
MSP,SEA,910,1051,1041,-10,0
ATL,MSP,1345,1531,1509,-22,0
SEA,DTW,2300,618,620,2,0
ATL,DTW,725,917,913,-4,0
DTW,ATL,1626,1831,1811,-20,0
MSP,ATL,1734,2110,2044,-26,0
SEA,ATL,630,1418,1408,-10,0
DTW,MSP,710,812,753,-19,0
SEA,MSP,845,1403,1414,11,0
DTW,ATL,959,1159,1205,6,0
SEA,JFK,1120,1945,1920,-25,0
SEA,JFK,740,1559,1537,-22,0
DTW,ATL,720,927,911,-16,0
SEA,JFK,2339,757,821,24,1
SEA,MSP,705,1224,1215,-9,0
DTW,ATL,959,1159,1136,-23,0
SEA,DTW,2300,618,545,-33,0
ATL,DTW,725,917,908,-9,0
SEA,ATL,2300,642,624,-18,0
DTW,ATL,615,823,752,-31,0
MSP,SEA,1444,1625,1825,120,1
DTW,MSP,829,928,918,-10,0
DTW,SEA,835,1039,1043,4,0
JFK,ATL,1559,1840,1830,-10,0
JFK,SEA,1600,1921,1919,-2,0
SEA,MSP,1126,1647,1651,4,0
DTW,ATL,1737,1943,1925,-18,0
ATL,DTW,1050,1248,1245,-3,0
MSP,JFK,905,1250,1233,-17,0
MSP,DTW,835,1116,1116,0,0
JFK,ATL,1721,2007,1941,-26,0
MSP,DTW,1545,1823,1913,50,1
SEA,ATL,1205,1955,1949,-6,0
JFK,ATL,610,845,823,-22,0
JFK,SEA,1600,1921,1911,-10,0
SEA,MSP,1126,1647,1656,9,0
DTW,ATL,1737,1943,1939,-4,0
ATL,DTW,1050,1248,1232,-16,0
MSP,JFK,905,1250,1244,-6,0
MSP,DTW,835,1116,1104,-12,0
ATL,MSP,1050,1230,1232,2,0
DTW,MSP,1205,1302,1258,-4,0
MSP,SEA,1745,1930,2106,96,1
ATL,DTW,2215,12,2355,-17,0
MSP,ATL,858,1229,1322,53,1
DTW,SEA,1215,1415,1356,-19,0
MSP,SEA,710,854,852,-2,0
ATL,DTW,1650,1851,1841,-10,0
ATL,MSP,736,914,914,0,0
DTW,ATL,1626,1831,1814,-17,0
ATL,SEA,1309,1532,1518,-14,0
ATL,JFK,830,1049,1037,-12,0
DTW,MSP,1350,1443,1448,5,0
MSP,ATL,1620,1952,2025,33,1
DTW,MSP,829,928,910,-18,0
JFK,ATL,1721,2007,1930,-37,0
DTW,MSP,1545,1645,1631,-14,0
JFK,MSP,805,1030,1021,-9,0
JFK,SEA,1600,1921,1919,-2,0
MSP,DTW,635,918,912,-6,0
ATL,DTW,910,1106,1100,-6,0
ATL,DTW,1050,1248,1229,-19,0
MSP,DTW,1145,1426,1429,3,0
MSP,SEA,1115,1256,1233,-23,0
ATL,JFK,1745,2013,1950,-23,0
ATL,MSP,830,1015,956,-19,0
ATL,MSP,1930,2113,2101,-12,0
ATL,MSP,2205,2344,2348,4,0
ATL,JFK,2050,2321,2304,-17,0
ATL,JFK,1030,1245,1221,-24,0
ATL,MSP,1050,1230,1226,-4,0
DTW,MSP,1205,1302,1255,-7,0
MSP,SEA,1745,1930,1919,-11,0
ATL,DTW,2215,12,2,-10,0
MSP,SEA,1444,1625,1618,-7,0
SEA,JFK,1120,1945,1921,-24,0
SEA,JFK,740,1559,1538,-21,0
DTW,MSP,1005,1104,1056,-8,0
SEA,MSP,35,550,537,-13,0
SEA,DTW,2300,618,604,-14,0
ATL,DTW,725,917,912,-5,0
SEA,MSP,1520,2037,2022,-15,0
DTW,MSP,1730,1830,1757,-33,0
DTW,ATL,1906,2113,2156,43,1
ATL,SEA,1932,2205,2248,43,1
MSP,DTW,1944,2223,2227,4,0
DTW,JFK,2040,2234,2335,61,1
DTW,ATL,2035,2234,2316,42,1
MSP,ATL,730,1101,1057,-4,0
ATL,SEA,824,1051,1051,0,0
DTW,MSP,1005,1104,1202,58,1
ATL,DTW,1341,1541,1525,-16,0
DTW,ATL,1205,1415,1346,-29,0
MSP,SEA,910,1051,1044,-7,0
MSP,ATL,1734,2110,2049,-21,0
SEA,ATL,630,1418,1359,-19,0
DTW,MSP,710,812,751,-21,0
DTW,ATL,2035,2234,2232,-2,0
MSP,ATL,730,1101,1052,-9,0
ATL,SEA,824,1051,1120,29,1
DTW,MSP,1005,1104,1101,-3,0
SEA,MSP,35,550,538,-12,0
SEA,DTW,939,1655,1644,-11,0
MSP,ATL,1515,1840,1907,27,1
MSP,ATL,520,846,838,-8,0
ATL,MSP,1800,1943,1924,-19,0
SEA,MSP,1305,1825,1816,-9,0
JFK,ATL,1925,2210,2331,81,1
JFK,SEA,1910,2231,2159,-32,0
DTW,MSP,1545,1645,1628,-17,0
JFK,ATL,1330,1607,1817,130,1
JFK,ATL,829,1115,1131,16,1
JFK,SEA,2030,2353,2335,-18,0
MSP,SEA,1115,1256,1231,-25,0
ATL,JFK,1745,2013,2006,-7,0
ATL,DTW,1050,1248,1242,-6,0
MSP,JFK,905,1250,1457,127,1
DTW,ATL,959,1159,1215,16,1
SEA,DTW,2300,618,557,-21,0
ATL,DTW,725,917,913,-4,0
SEA,ATL,2300,642,723,41,1
DTW,ATL,615,823,808,-15,0
ATL,JFK,1515,1740,1826,46,1
ATL,SEA,1105,1337,1329,-8,0
MSP,ATL,630,955,945,-10,0
SEA,JFK,2339,755,729,-26,0
SEA,MSP,705,1221,1155,-26,0
DTW,ATL,826,1028,1041,13,0
MSP,ATL,1315,1644,1636,-8,0
MSP,ATL,1932,2300,2246,-14,0
DTW,ATL,1630,1833,1906,33,1
ATL,SEA,1309,1526,1521,-5,0
SEA,DTW,1351,2108,2059,-9,0
DTW,MSP,1350,1442,1439,-3,0
SEA,JFK,1130,1952,1941,-11,0
ATL,DTW,1205,1405,1411,6,0
JFK,ATL,1925,2207,2133,-34,0
DTW,MSP,1545,1645,1633,-12,0
JFK,ATL,1330,1607,1543,-24,0
JFK,SEA,1910,2231,2158,-33,0
JFK,MSP,1120,1338,1323,-15,0
SEA,MSP,1126,1647,1634,-13,0
DTW,ATL,1737,1943,1929,-14,0
ATL,DTW,1050,1248,1253,5,0
MSP,ATL,858,1229,1215,-14,0
ATL,DTW,1454,1653,1650,-3,0
DTW,ATL,1345,1550,1536,-14,0
MSP,DTW,1019,1259,1249,-10,0
ATL,MSP,1205,1345,1357,12,0
ATL,DTW,1816,2017,2013,-4,0
MSP,SEA,910,1051,1038,-13,0
MSP,ATL,1734,2110,2053,-17,0
SEA,ATL,630,1418,1355,-23,0
DTW,MSP,710,812,806,-6,0
SEA,MSP,845,1403,1356,-7,0
SEA,DTW,939,1655,1637,-18,0
MSP,ATL,1515,1840,1834,-6,0
DTW,ATL,1452,1654,1642,-12,0
JFK,MSP,1120,1335,1346,11,0
JFK,SEA,1600,1917,1837,-40,0
ATL,SEA,1630,1900,1829,-31,0
MSP,ATL,950,1316,1312,-4,0
ATL,SEA,730,957,932,-25,0
ATL,MSP,1930,2110,2135,25,1
DTW,ATL,1345,1545,1539,-6,0
ATL,SEA,1932,2202,2134,-28,0
SEA,ATL,1205,1953,1934,-19,0
DTW,ATL,1205,1412,1424,12,0
ATL,MSP,1050,1229,1231,2,0
SEA,DTW,710,1428,1416,-12,0
MSP,DTW,1145,1426,1421,-5,0
DTW,SEA,2004,2205,2146,-19,0
DTW,ATL,826,1031,1021,-10,0
MSP,ATL,1315,1647,1623,-24,0
DTW,ATL,1626,1831,1818,-13,0
SEA,JFK,50,908,856,-12,0
ATL,JFK,1515,1740,1725,-15,0
ATL,SEA,1105,1334,1309,-25,0
MSP,SEA,1929,2114,2117,3,0
ATL,MSP,1500,1638,1615,-23,0
SEA,ATL,1442,2229,2217,-12,0
DTW,MSP,1545,1644,1633,-11,0
ATL,SEA,1309,1532,1514,-18,0
ATL,JFK,830,1049,1026,-23,0
ATL,DTW,1650,1851,1913,22,1
ATL,MSP,736,914,855,-19,0
ATL,DTW,1205,1407,1346,-21,0
SEA,ATL,1040,1831,1812,-19,0
JFK,ATL,1925,2210,2248,38,1
ATL,JFK,1205,1427,1418,-9,0
JFK,ATL,610,845,849,4,0
JFK,ATL,1721,2007,2012,5,0
MSP,SEA,1115,1256,1236,-20,0
ATL,DTW,2055,2253,2259,6,0
ATL,MSP,736,912,856,-16,0
JFK,SEA,1910,2228,2156,-32,0
MSP,JFK,905,1250,1240,-10,0
MSP,DTW,835,1116,1145,29,1
DTW,ATL,1906,2113,2121,8,0
DTW,MSP,1205,1302,1254,-8,0
MSP,SEA,1745,1930,1917,-13,0
ATL,DTW,2215,12,3,-9,0
MSP,SEA,1444,1625,1611,-14,0
MSP,ATL,730,1101,1057,-4,0
ATL,SEA,824,1051,1044,-7,0
DTW,MSP,1005,1104,1054,-10,0
SEA,MSP,35,550,530,-20,0
DTW,ATL,1205,1415,1350,-25,0
DTW,MSP,2045,2145,2204,19,1
SEA,JFK,740,1559,1550,-9,0
SEA,DTW,1150,1906,1854,-12,0
MSP,ATL,1515,1840,1843,3,0
MSP,ATL,1115,1439,1441,2,0
MSP,JFK,655,1037,1009,-28,0
SEA,MSP,1305,1825,1824,-1,0
ATL,MSP,1500,1638,1637,-1,0
SEA,ATL,1442,2227,2231,4,0
MSP,DTW,1545,1823,1809,-14,0
SEA,ATL,1205,1955,1953,-2,0
JFK,ATL,1559,1840,1833,-7,0
JFK,SEA,1600,1921,2107,106,1
MSP,DTW,635,918,906,-12,0
ATL,DTW,910,1106,1118,12,0
ATL,DTW,1050,1248,1245,-3,0
MSP,JFK,905,1250,1227,-23,0
MSP,DTW,835,1116,1106,-10,0
ATL,MSP,1050,1230,1230,0,0
MSP,DTW,1019,1259,1240,-19,0
MSP,SEA,1745,1930,1908,-22,0
MSP,ATL,958,1326,1310,-16,0
DTW,MSP,710,812,815,3,0
MSP,DTW,1145,1426,1409,-17,0
DTW,SEA,2004,2205,2131,-34,0
DTW,ATL,826,1031,1045,14,0
MSP,ATL,1315,1647,1635,-12,0
SEA,ATL,630,1418,1413,-5,0
DTW,MSP,710,812,826,14,0
MSP,DTW,1150,1431,1416,-15,0
DTW,SEA,2004,2205,2215,10,0
DTW,ATL,826,1031,1012,-19,0
MSP,ATL,1315,1647,1632,-15,0
JFK,DTW,910,1126,1147,21,1
DTW,ATL,615,823,801,-22,0
ATL,JFK,1515,1740,1731,-9,0
ATL,MSP,2105,2254,2244,-10,0
ATL,DTW,725,917,930,13,0
MSP,JFK,905,1250,1228,-22,0
MSP,DTW,835,1116,1100,-16,0
ATL,MSP,1050,1230,1214,-16,0
MSP,DTW,1019,1259,1250,-9,0
ATL,MSP,1205,1345,1324,-21,0
ATL,DTW,1807,2010,2008,-2,0
MSP,DTW,1735,2016,2025,9,0
SEA,JFK,1120,1945,1933,-12,0
SEA,JFK,740,1559,1554,-5,0
ATL,DTW,1341,1541,1602,21,1
DTW,ATL,1205,1415,1416,1,0
DTW,MSP,2045,2145,2139,-6,0
SEA,DTW,710,1430,1424,-6,0
ATL,SEA,940,1210,1134,-36,0
ATL,DTW,1907,2106,2152,46,1
MSP,ATL,630,958,954,-4,0
DTW,SEA,1525,1720,1711,-9,0
ATL,JFK,1515,1740,1712,-28,0
DTW,MSP,1350,1443,1435,-8,0
MSP,ATL,1620,1952,1933,-19,0
ATL,MSP,1500,1638,1638,0,0
SEA,ATL,1442,2227,2249,22,1
MSP,DTW,1545,1823,1806,-17,0
SEA,ATL,1205,1955,1950,-5,0
JFK,ATL,1559,1840,1841,1,0
JFK,SEA,1600,1921,1851,-30,0
MSP,DTW,635,918,904,-14,0
ATL,DTW,910,1106,1053,-13,0
ATL,MSP,1800,1943,1931,-12,0
DTW,ATL,615,823,1052,149,1
ATL,JFK,1515,1740,1721,-19,0
DTW,MSP,1350,1443,1500,17,1
MSP,ATL,1620,1952,2034,42,1
DTW,MSP,1545,1645,1628,-17,0
JFK,DTW,910,1126,1201,35,1
SEA,MSP,845,1403,1408,5,0
ATL,MSP,1345,1531,1518,-13,0
MSP,ATL,1932,2300,2240,-20,0
DTW,ATL,1630,1833,1843,10,0
ATL,SEA,1309,1526,1512,-14,0
SEA,ATL,1040,1831,1910,39,1
DTW,MSP,1730,1830,1804,-26,0
SEA,ATL,1205,1955,1944,-11,0
JFK,ATL,1559,1840,1850,10,0
JFK,MSP,1120,1338,1315,-23,0
SEA,MSP,1126,1647,1658,11,0
DTW,ATL,1737,1943,1952,9,0
MSP,ATL,630,958,1002,4,0
MSP,JFK,905,1250,1340,50,1
MSP,DTW,835,1116,1113,-3,0
DTW,ATL,1906,2113,2057,-16,0
DTW,MSP,1205,1302,1253,-9,0
MSP,SEA,1745,1930,1929,-1,0
ATL,DTW,2215,12,15,3,0
DTW,ATL,1205,1412,1410,-2,0
SEA,JFK,1130,1952,1941,-11,0
SEA,JFK,740,1557,1603,6,0
SEA,ATL,815,1600,1610,10,0
ATL,DTW,1907,2105,2041,-24,0
SEA,MSP,845,1401,1404,3,0
DTW,ATL,959,1156,1146,-10,0
DTW,ATL,1626,1831,1809,-22,0
ATL,SEA,1309,1532,1525,-7,0
ATL,JFK,830,1049,1023,-26,0
DTW,MSP,1350,1443,1422,-21,0
MSP,ATL,1620,1952,1942,-10,0
DTW,MSP,829,928,900,-28,0
JFK,ATL,1721,2007,2008,1,0
DTW,MSP,1545,1645,1642,-3,0
SEA,MSP,845,1403,1349,-14,0
ATL,MSP,1345,1531,1512,-19,0
ATL,MSP,2105,2254,2240,-14,0
MSP,ATL,1315,1647,1639,-8,0
ATL,MSP,1800,1943,2055,72,1
DTW,SEA,1520,1715,1702,-13,0
SEA,ATL,845,1631,246,615,1
SEA,DTW,1351,2111,2108,-3,0
ATL,DTW,2055,2255,2239,-16,0
ATL,MSP,1930,2113,2108,-5,0
ATL,MSP,2205,2344,2322,-22,0
ATL,JFK,2050,2320,2257,-23,0
ATL,JFK,1030,1246,1229,-17,0
MSP,ATL,858,1229,1212,-17,0
ATL,DTW,1454,1653,1648,-5,0
DTW,ATL,1345,1550,1538,-12,0
MSP,DTW,1355,1632,1615,-17,0
ATL,JFK,1030,1246,1234,-12,0
JFK,SEA,700,1025,1006,-19,0
DTW,ATL,1745,1954,2251,177,1
ATL,DTW,1050,1249,1247,-2,0
MSP,ATL,1316,1650,1656,6,0
DTW,ATL,1627,1835,1818,-17,0
MSP,DTW,840,1122,1118,-4,0
ATL,DTW,1205,1407,1348,-19,0
DTW,MSP,1200,1257,1242,-15,0
ATL,JFK,1520,1745,1749,4,0
ATL,DTW,2055,2255,2241,-14,0
SEA,MSP,1305,1825,1808,-17,0
DTW,MSP,1545,1645,1644,-1,0
SEA,ATL,1043,1832,1836,4,0
JFK,ATL,1925,2209,2217,8,0
ATL,JFK,1205,1430,1429,-1,0
JFK,ATL,610,844,824,-20,0
MSP,ATL,1735,2114,2041,-33,0
DTW,ATL,725,932,917,-15,0
SEA,JFK,1450,2305,2249,-16,0
MSP,ATL,910,1243,1218,-25,0
MSP,ATL,520,845,823,-22,0
ATL,MSP,1750,1936,1927,-9,0
ATL,DTW,1905,2106,2132,26,1
DTW,ATL,555,804,744,-20,0
ATL,MSP,1352,1540,1529,-11,0
SEA,ATL,1043,1832,1810,-22,0
JFK,ATL,1925,2209,2235,26,1
ATL,JFK,1205,1430,1359,-31,0
JFK,ATL,610,844,836,-8,0
JFK,SEA,1655,2024,2038,14,0
MSP,SEA,1120,1306,1251,-15,0
ATL,MSP,1650,1836,1809,-27,0
DTW,SEA,1737,1945,1914,-31,0
MSP,DTW,1946,2227,2228,1,0
ATL,MSP,1505,1645,1652,7,0
ATL,MSP,1205,1345,1349,4,0
SEA,JFK,2315,734,709,-25,0
SEA,JFK,749,1600,1604,4,0
ATL,JFK,1527,1759,1759,0,0
ATL,MSP,2210,2352,2326,-26,0
SEA,ATL,630,1410,1359,-11,0
SEA,MSP,645,1203,1155,-8,0
SEA,MSP,810,1325,1329,4,0
MSP,DTW,1750,2031,2049,18,1
ATL,DTW,2057,2257,2245,-12,0
MSP,ATL,1735,2114,2057,-17,0
DTW,ATL,725,932,916,-16,0
SEA,JFK,1450,2305,2300,-5,0
ATL,SEA,1945,2224,2228,4,0
MSP,SEA,1737,1925,1912,-13,0
DTW,ATL,1520,1724,1700,-24,0
MSP,DTW,1750,2031,2038,7,0
ATL,DTW,2057,2257,2256,-1,0
SEA,ATL,815,1600,1638,38,1
DTW,ATL,1209,1420,1349,-31,0
ATL,MSP,1931,2115,2110,-5,0
JFK,MSP,810,1033,1011,-22,0
DTW,ATL,959,1204,1136,-28,0
SEA,JFK,1127,1950,1935,-15,0
SEA,DTW,1402,2114,2104,-10,0
SEA,MSP,1520,2036,2021,-15,0
ATL,DTW,905,1101,1051,-10,0
ATL,DTW,1050,1249,1234,-15,0
SEA,DTW,600,1315,1252,-23,0
MSP,ATL,1625,1959,2027,28,1
DTW,MSP,1530,1632,1633,1,0
ATL,JFK,1030,1250,1236,-14,0
ATL,SEA,1945,2225,2217,-8,0
MSP,SEA,1737,1925,1927,2,0
DTW,ATL,1520,1724,1706,-18,0
MSP,SEA,700,849,836,-13,0
DTW,ATL,959,1204,1239,35,1
SEA,JFK,1127,1950,1921,-29,0
SEA,DTW,1402,2114,2054,-20,0
SEA,MSP,1520,2036,2021,-15,0
JFK,SEA,1925,2250,2229,-21,0
JFK,DTW,905,1124,1109,-15,0
DTW,MSP,830,930,912,-18,0
DTW,SEA,855,1104,1112,8,0
JFK,ATL,1340,1616,1702,46,1
JFK,MSP,1120,1337,1319,-18,0
JFK,ATL,830,1115,1124,9,0
MSP,SEA,1120,1306,1249,-17,0
ATL,JFK,2050,2325,2251,-34,0
SEA,ATL,1205,1949,1924,-25,0
SEA,ATL,1436,2220,2151,-29,0
SEA,ATL,2232,613,637,24,1
SEA,JFK,749,1600,1536,-24,0
ATL,JFK,1527,1759,1737,-22,0
ATL,SEA,1650,1931,1946,15,1
SEA,DTW,600,1315,1252,-23,0
MSP,ATL,1625,1959,2005,6,0
DTW,MSP,1530,1632,1607,-25,0
ATL,JFK,1030,1250,1235,-15,0
ATL,SEA,1930,2211,2208,-3,0
MSP,SEA,1737,1925,2000,35,1
DTW,ATL,1520,1724,1720,-4,0
MSP,DTW,1750,2031,2030,-1,0
ATL,DTW,2057,2257,2244,-13,0
MSP,ATL,910,1243,1244,1,0
MSP,ATL,520,845,902,17,1
ATL,MSP,1750,1936,1942,6,0
ATL,DTW,1905,2106,2108,2,0
MSP,ATL,630,959,952,-7,0
ATL,JFK,825,1047,1034,-13,0
ATL,DTW,1341,1542,1542,0,0
MSP,SEA,1930,2123,2123,0,0
ATL,SEA,955,1231,1233,2,0
JFK,SEA,1925,2250,2239,-11,0
JFK,DTW,905,1124,1147,23,1
MSP,DTW,1545,1824,1818,-6,0
MSP,DTW,625,908,922,14,0
JFK,ATL,1550,1834,1805,-29,0
ATL,JFK,1745,2015,1956,-19,0
JFK,SEA,700,1025,951,-34,0
ATL,DTW,905,1101,1048,-13,0
ATL,DTW,1050,1249,1244,-5,0
MSP,ATL,1316,1650,1627,-23,0
DTW,ATL,1627,1835,1829,-6,0
DTW,SEA,2004,2215,2205,-10,0
ATL,MSP,1352,1540,1535,-5,0
SEA,ATL,1043,1830,1820,-10,0
JFK,ATL,1925,2206,2130,-36,0
JFK,ATL,1340,1612,1601,-11,0
JFK,MSP,1120,1334,1329,-5,0
JFK,SEA,1655,2019,2004,-15,0
MSP,SEA,1120,1304,1250,-14,0
DTW,SEA,1520,1721,1702,-19,0
MSP,DTW,1005,1245,1237,-8,0
ATL,DTW,1515,1715,1715,0,0
MSP,DTW,1946,2226,2208,-18,0
ATL,MSP,1505,1643,1641,-2,0
ATL,MSP,1205,1345,1352,7,0
ATL,DTW,1341,1542,1540,-2,0
MSP,SEA,1930,2123,2148,25,1
ATL,SEA,955,1231,1235,4,0
MSP,SEA,1930,2117,2057,-20,0
ATL,SEA,955,1228,1211,-17,0
MSP,ATL,1010,1338,1319,-19,0
ATL,SEA,1100,1341,1320,-21,0
JFK,ATL,1925,2209,2151,-18,0
ATL,JFK,1205,1430,1428,-2,0
JFK,ATL,600,836,818,-18,0
JFK,SEA,1655,2024,2011,-13,0
SEA,MSP,1119,1631,1650,19,1
ATL,MSP,1650,1836,1818,-18,0
ATL,MSP,1050,1230,1222,-8,0
MSP,DTW,1020,1300,1251,-9,0
ATL,DTW,1455,1655,1712,17,1
ATL,JFK,2050,2325,2320,-5,0
SEA,ATL,1205,1946,1958,12,0
SEA,ATL,1436,2220,2228,8,0
ATL,MSP,1750,1936,1903,-33,0
ATL,DTW,1905,2106,2055,-11,0
DTW,ATL,959,1204,1203,-1,0
DTW,MSP,1000,1100,1043,-17,0
MSP,SEA,920,1117,1136,19,1
SEA,MSP,650,1208,1221,13,0
MSP,ATL,2000,2333,2308,-25,0
ATL,MSP,1050,1230,1238,8,0
MSP,ATL,1725,2100,2032,-28,0
DTW,ATL,725,928,932,4,0
MSP,DTW,1145,1425,1607,102,1
DTW,ATL,1950,2150,2123,-27,0
MSP,JFK,700,1044,1034,-10,0
DTW,JFK,2000,2200,2119,-41,0
SEA,DTW,730,1438,1457,19,1
ATL,SEA,1321,1550,1527,-23,0
SEA,MSP,1119,1631,1658,27,1
ATL,MSP,1650,1836,1820,-16,0
ATL,MSP,1050,1230,1213,-17,0
MSP,DTW,1020,1300,1240,-20,0
MSP,SEA,1737,1923,1919,-4,0
DTW,ATL,1520,1729,1735,6,0
DTW,SEA,1215,1417,1418,1,0
SEA,JFK,2340,756,747,-9,0
SEA,JFK,749,1600,2317,437,1
MSP,SEA,1420,1605,1549,-16,0
DTW,MSP,1000,1058,1043,-15,0
MSP,SEA,920,1117,1131,14,0
SEA,JFK,1450,2305,2247,-18,0
MSP,ATL,910,1243,1226,-17,0
MSP,ATL,520,845,831,-14,0
ATL,MSP,2210,2352,2351,-1,0
SEA,ATL,630,1410,1354,-16,0
DTW,MSP,830,930,927,-3,0
MSP,ATL,2000,2333,2316,-17,0
DTW,ATL,2015,2218,2211,-7,0
SEA,DTW,934,1645,1624,-21,0
MSP,ATL,1735,2114,2109,-5,0
DTW,ATL,725,932,918,-14,0
MSP,DTW,1145,1427,1421,-6,0
SEA,ATL,815,1600,1659,59,1
DTW,ATL,1209,1420,1447,27,1
SEA,MSP,1315,1827,1843,16,1
MSP,SEA,700,849,843,-6,0
DTW,ATL,555,804,734,-30,0
ATL,DTW,725,921,917,-4,0
ATL,JFK,2050,2325,2316,-9,0
SEA,ATL,1205,1949,2010,21,1
ATL,MSP,1205,1345,1338,-7,0
SEA,JFK,1127,1950,1931,-19,0
ATL,DTW,1620,1822,1802,-20,0
MSP,ATL,1113,1439,1428,-11,0
ATL,SEA,810,1043,1059,16,1
DTW,ATL,1910,2118,2135,17,1
DTW,MSP,1951,2051,2033,-18,0
DTW,MSP,1725,1827,1822,-5,0
DTW,ATL,1345,1551,1534,-17,0
JFK,ATL,1720,2004,2218,134,1
JFK,SEA,1045,1359,1325,-34,0
ATL,JFK,825,1047,1047,0,0
SEA,DTW,2345,656,635,-21,0
MSP,SEA,1930,2123,2149,26,1
ATL,SEA,955,1231,1241,10,0
JFK,SEA,1925,2250,2302,12,0
JFK,DTW,905,1124,1121,-3,0
DTW,MSP,830,930,911,-19,0
DTW,SEA,855,1104,1114,10,0
JFK,ATL,1340,1616,1548,-28,0
JFK,MSP,1120,1337,1329,-8,0
JFK,ATL,830,1115,1104,-11,0
ATL,DTW,905,1101,1049,-12,0
ATL,DTW,1050,1249,1235,-14,0
MSP,ATL,1316,1650,1628,-22,0
DTW,ATL,1627,1835,1809,-26,0
SEA,ATL,815,1600,1607,7,0
DTW,ATL,1209,1420,1416,-4,0
SEA,MSP,1315,1827,1827,0,0
MSP,SEA,700,849,825,-24,0
DTW,ATL,555,804,749,-15,0
SEA,ATL,815,1600,1613,13,0
DTW,ATL,1209,1420,1411,-9,0
SEA,MSP,1315,1827,1824,-3,0
MSP,SEA,700,849,908,19,1
DTW,ATL,555,804,742,-22,0
ATL,DTW,725,921,911,-10,0
ATL,DTW,1620,1822,1806,-16,0
MSP,ATL,722,1055,1031,-24,0
ATL,MSP,725,905,853,-12,0
DTW,ATL,1520,1724,1703,-21,0
MSP,DTW,1750,2031,2019,-12,0
ATL,DTW,2057,2257,2302,5,0
MSP,ATL,1735,2114,2043,-31,0
DTW,ATL,725,932,924,-8,0
MSP,DTW,1145,1427,1417,-10,0
DTW,JFK,1953,2154,2138,-16,0
MSP,ATL,630,959,936,-23,0
ATL,JFK,825,1047,1030,-17,0
ATL,DTW,1341,1542,1537,-5,0
MSP,ATL,1113,1439,1428,-11,0
ATL,SEA,810,1045,1023,-22,0
ATL,MSP,1352,1540,1521,-19,0
SEA,ATL,1043,1832,1834,2,0
DTW,MSP,1725,1827,1806,-21,0
DTW,ATL,1345,1551,1529,-22,0
MSP,DTW,1750,2031,2035,4,0
ATL,DTW,2057,2257,2242,-15,0
MSP,ATL,1735,2114,2100,-14,0
DTW,ATL,725,932,919,-13,0
SEA,JFK,1450,2305,2256,-9,0
MSP,ATL,910,1243,1226,-17,0
MSP,ATL,520,845,825,-20,0
ATL,MSP,1750,1936,1935,-1,0
SEA,ATL,630,1410,1416,6,0
SEA,MSP,650,1208,1153,-15,0
MSP,ATL,910,1243,1235,-8,0
MSP,ATL,520,845,842,-3,0
JFK,SEA,1925,2250,2222,-28,0
JFK,DTW,905,1124,1117,-7,0
MSP,DTW,1545,1824,1810,-14,0
MSP,DTW,625,908,911,3,0
JFK,ATL,1550,1834,1830,-4,0
ATL,JFK,1745,2015,2000,-15,0
JFK,SEA,700,1025,956,-29,0
DTW,ATL,1745,1954,1945,-9,0
ATL,DTW,1050,1249,1234,-15,0
MSP,ATL,1316,1650,1650,0,0
DTW,ATL,1627,1835,1828,-7,0
MSP,DTW,840,1122,1103,-19,0
ATL,DTW,1205,1407,1358,-9,0
DTW,MSP,1200,1257,1240,-17,0
MSP,ATL,1500,1826,1827,1,0
ATL,DTW,1805,2009,1951,-18,0
ATL,MSP,1650,1836,1811,-25,0
ATL,MSP,1050,1230,1208,-22,0
MSP,DTW,1020,1300,1251,-9,0
ATL,DTW,1455,1655,1638,-17,0
ATL,JFK,2050,2325,2317,-8,0
SEA,ATL,1205,1949,1952,3,0
SEA,ATL,1436,2220,2212,-8,0
SEA,ATL,2237,618,617,-1,0
DTW,MSP,1345,1438,1418,-20,0
SEA,DTW,1402,2114,2108,-6,0
MSP,ATL,722,1055,1049,-6,0
DTW,SEA,2004,2215,2210,-5,0
DTW,ATL,1910,2118,2101,-17,0
DTW,MSP,1951,2051,2043,-8,0
DTW,MSP,1725,1827,1757,-30,0
DTW,ATL,1345,1551,1531,-20,0
JFK,ATL,610,844,826,-18,0
JFK,SEA,1655,2024,2002,-22,0
SEA,MSP,1119,1631,1739,68,1
ATL,MSP,1650,1836,1823,-13,0
ATL,MSP,1050,1230,1208,-22,0
MSP,DTW,1020,1300,1259,-1,0
ATL,DTW,1455,1655,1629,-26,0
MSP,DTW,840,1122,1116,-6,0
ATL,DTW,1205,1407,1345,-22,0
DTW,MSP,1200,1257,1228,-29,0
MSP,ATL,1500,1826,1818,-8,0
DTW,ATL,1520,1724,1707,-17,0
MSP,DTW,1750,2031,2035,4,0
ATL,DTW,2057,2258,2243,-15,0
MSP,ATL,1735,2114,2055,-19,0
DTW,ATL,725,932,924,-8,0
SEA,JFK,1450,2305,2307,2,0
SEA,MSP,810,1325,1333,8,0
MSP,ATL,1316,1649,1633,-16,0
SEA,DTW,1153,1902,1901,-1,0
MSP,SEA,900,1044,1019,-25,0
SEA,JFK,1450,2302,2311,9,0
SEA,MSP,810,1324,1311,-13,0
JFK,ATL,1550,1834,1825,-9,0
ATL,JFK,1745,2015,2000,-15,0
JFK,SEA,700,1025,954,-31,0
MSP,ATL,910,1243,1233,-10,0
MSP,ATL,520,845,839,-6,0
ATL,MSP,1750,1936,1935,-1,0
ATL,DTW,1905,2106,2047,-19,0
MSP,ATL,630,959,954,-5,0
ATL,JFK,825,1047,1034,-13,0
SEA,DTW,2345,656,656,0,0
SEA,ATL,2330,711,717,6,0
SEA,MSP,1520,2036,2035,-1,0
ATL,DTW,1352,1550,1543,-7,0
SEA,MSP,1543,2100,2046,-14,0
JFK,SEA,1925,2250,2157,-53,0
SEA,ATL,1043,1832,1836,4,0
DTW,MSP,1725,1827,1801,-26,0
DTW,ATL,1345,1551,1531,-20,0
JFK,ATL,1720,2004,2000,-4,0
JFK,SEA,1045,1359,1305,-54,0
ATL,SEA,2055,2339,2232,-67,0
DTW,ATL,1745,1954,1939,-15,0
JFK,SEA,1925,2250,2221,-29,0
JFK,DTW,905,1124,1046,-38,0
MSP,DTW,1555,1832,1825,-7,0
DTW,ATL,1330,1533,1517,-16,0
JFK,ATL,1720,2000,1958,-2,0
JFK,SEA,1045,1358,1321,-37,0
SEA,MSP,1119,1629,1638,9,0
ATL,MSP,1650,1834,1810,-24,0
ATL,MSP,834,1018,952,-26,0
MSP,ATL,1625,1958,2000,2,0
ATL,JFK,2050,2321,2332,11,0
SEA,ATL,1205,1949,1956,7,0
SEA,ATL,1435,2220,2212,-8,0
SEA,ATL,2232,612,618,6,0
SEA,JFK,749,1600,1639,39,1
MSP,JFK,700,1045,1031,-14,0
DTW,JFK,1953,2154,2142,-12,0
MSP,ATL,630,959,947,-12,0
ATL,JFK,825,1047,1034,-13,0
SEA,DTW,2345,656,656,0,0
SEA,ATL,2330,711,711,0,0
SEA,MSP,1520,2036,2039,3,0
ATL,MSP,725,905,841,-24,0
MSP,ATL,1316,1650,1628,-22,0
DTW,ATL,1627,1835,1807,-28,0
MSP,DTW,840,1122,1104,-18,0
ATL,DTW,1205,1407,1353,-14,0
DTW,MSP,1200,1257,1241,-16,0
MSP,ATL,1500,1826,1825,-1,0
JFK,SEA,1045,1359,1324,-35,0
JFK,SEA,700,1025,958,-27,0
DTW,ATL,1745,1954,2259,185,1
ATL,SEA,1650,1931,1854,-37,0
SEA,DTW,600,1315,1307,-8,0
MSP,ATL,1625,1959,1946,-13,0
DTW,MSP,1530,1632,1607,-25,0
ATL,JFK,1030,1250,1246,-4,0
ATL,SEA,1945,2224,2137,-47,0
MSP,SEA,1737,1925,1850,-35,0
ATL,DTW,2215,13,4,-9,0
DTW,SEA,1220,1425,1341,-44,0
MSP,DTW,1405,1647,1655,8,0
MSP,DTW,840,1122,1113,-9,0
ATL,DTW,1205,1407,1400,-7,0
DTW,MSP,1200,1257,1232,-25,0
ATL,MSP,1352,1540,1510,-30,0
SEA,ATL,1043,1832,1823,-9,0
JFK,ATL,1925,2209,2147,-22,0
ATL,JFK,1205,1430,1420,-10,0
DTW,ATL,959,1204,1145,-19,0
SEA,JFK,1127,1950,2006,16,1
ATL,DTW,1620,1822,1817,-5,0
MSP,ATL,722,1055,1038,-17,0
DTW,SEA,2004,2215,2122,-53,0
MSP,ATL,1010,1340,1327,-13,0
ATL,SEA,1100,1341,1258,-43,0
JFK,ATL,1925,2209,2132,-37,0
ATL,JFK,1205,1430,1413,-17,0
JFK,ATL,610,844,813,-31,0
JFK,SEA,1655,2024,2004,-20,0
SEA,MSP,1119,1631,1648,17,1
ATL,MSP,1650,1836,1816,-20,0
ATL,MSP,1050,1230,1219,-11,0
MSP,DTW,1020,1300,1253,-7,0
DTW,ATL,1910,2118,2110,-8,0
DTW,MSP,1951,2051,2031,-20,0
DTW,MSP,1725,1827,1840,13,0
DTW,ATL,1345,1551,1536,-15,0
JFK,ATL,1720,2004,1945,-19,0
JFK,SEA,1045,1359,1327,-32,0
ATL,MSP,1750,1936,1947,11,0
ATL,DTW,1905,2106,2050,-16,0
MSP,ATL,630,959,953,-6,0
ATL,JFK,825,1047,1058,11,0
DTW,ATL,2015,2218,2151,-27,0
SEA,DTW,934,1645,1727,42,1
ATL,MSP,1931,2115,2110,-5,0
JFK,MSP,810,1033,1021,-12,0
DTW,ATL,959,1204,1145,-19,0
SEA,JFK,1127,1950,1957,7,0
SEA,DTW,1402,2114,2115,1,0
SEA,MSP,1520,2036,2037,1,0
DTW,ATL,1520,1724,1710,-14,0
MSP,DTW,1750,2031,2025,-6,0
ATL,DTW,2057,2257,2302,5,0
MSP,SEA,1737,1925,1859,-26,0
ATL,DTW,2215,13,3,-10,0
DTW,SEA,1220,1425,1344,-41,0
MSP,DTW,1405,1647,1635,-12,0
MSP,ATL,1735,2114,2101,-13,0
DTW,ATL,725,932,911,-21,0
SEA,JFK,2340,756,756,0,0
ATL,MSP,1931,2115,2056,-19,0
JFK,MSP,810,1033,959,-34,0
DTW,ATL,959,1204,1225,21,1
SEA,JFK,1127,1950,1953,3,0
SEA,DTW,1402,2114,2113,-1,0
SEA,MSP,1520,2036,2046,10,0
DTW,ATL,1910,2118,2154,36,1
JFK,SEA,1925,2250,2236,-14,0
DTW,MSP,830,930,921,-9,0
DTW,MSP,1000,1100,1038,-22,0
MSP,SEA,928,1119,1056,-23,0
SEA,MSP,650,1208,1206,-2,0
MSP,ATL,2000,2333,2325,-8,0
DTW,ATL,835,1043,1014,-29,0
MSP,JFK,700,1045,1043,-2,0
JFK,ATL,1930,2225,2300,35,0